best_id_articulo,admin_IDArt,admin_id_manual,score,status,best_articulo,admin_NombreArticulo,best_modelos,best_colores,best_talle,best_pack
AT2400BLBL4,1343,2400,124,MATCH_ALTO,Atomik 2400 Medias Stripe x2 Bl/Bl 4,2400 TL Atomik Media Stripe Blanco 2P,2400,BL/BL,4,2
AT2400BLBL5,1344,2400,124,MATCH_ALTO,Atomik 2400 Medias Stripe x2 Bl/Bl 5,2400 TM Atomik Media Stripe Blanco 2P,2400,BL/BL,5,2
AT2400BLNE4,1347,2400,123,MATCH_ALTO,Atomik 2400 Medias Stripe x2 Bl/Ne 4,2400 TL Atomik Media Stripe Mix 2P,2400,BL/NE,4,2
AT2400BLNE5,1348,2400,123,MATCH_ALTO,Atomik 2400 Medias Stripe x2 Bl/Ne 5,2400 TM Atomik Media Stripe Mix 2P,2400,BL/NE,5,2
AT2400NENE4,1345,2400,124,MATCH_ALTO,Atomik 2400 Medias Stripe x2 Ne/Ne 4,2400 TL Atomik Media Stripe Negro 2P,2400,NE/NE,4,2
AT2400NENE5,1346,2400,124,MATCH_ALTO,Atomik 2400 Medias Stripe x2 Ne/Ne 5,2400 TM Atomik Media Stripe Negro 2P,2400,NE/NE,5,2
AT2401BLBL4,128,2401,125,MATCH_ALTO,Atomik 2401(Atk-Caña)Media Liso x2 Bl/Bl 4,2401 TL Atomik Media Liso Blanco 2P,2401,BL/BL,4,2
AT2401BLBL5,126,2401,125,MATCH_ALTO,Atomik 2401(Atk-Caña)Media Liso x2 Bl/Bl 5,2401 TM Atomik Media Liso Blanco 2P,2401,BL/BL,5,2
AT2401NENE4,129,2401,125,MATCH_ALTO,Atomik 2401(Atk-Caña)Media Liso x2 Ne/Ne 4,2401 TL Atomik Media Liso Negro 2P,2401,NE/NE,4,2
AT2401NENE5,127,2401,125,MATCH_ALTO,Atomik 2401(Atk-Caña)Media Liso x2 Ne/Ne 5,2401 TM Atomik Media Liso Negro 2P,2401,NE/NE,5,2
AT2402BLBLBL4,134,2402,125,MATCH_ALTO,Atomik 2402(Atk-1025)Soquete Unisex Basico x3 Bl/Bl/Bl 4,2402 TL Atomik Soquete Unisex Basico Blanco 3P,2402|1025,BL/BL/BL,4,3
AT2402BLBLBL5,131,2402,125,MATCH_ALTO,Atomik 2402(Atk-1025)Soquete Unisex Basico x3 Bl/Bl/Bl 5,2402 TM Atomik Soquete Unisex Basico Blanco 3P,2402|1025,BL/BL/BL,5,3
AT2402BLGMNE4,133,2402,125,MATCH_ALTO,Atomik 2402(Atk-1025)Soquete Unisex Basico x3 Bl/Gm/Ne 4,2402 TL Atomik Soquete Unisex Basico Mix 3P,2402|1025,BL/GM/NE,4,3
AT2402BLGMNE5,130,2402,125,MATCH_ALTO,Atomik 2402(Atk-1025)Soquete Unisex Basico x3 Bl/Gm/Ne 5,2402 TM Atomik Soquete Unisex Basico Mix 3P,2402|1025,BL/GM/NE,5,3
AT2402NENENE5,132,2402,125,MATCH_ALTO,Atomik 2402(Atk-1025)Soquete Unisex Basico x3 Ne/Ne/Ne 5,2402 TM Atomik Soquete Unisex Basico Negro 3P,2402|1025,NE/NE/NE,5,3
AT2403BLBLBL4,137,2403,125,MATCH_ALTO,Atomik 2403(Atk-1930)Soquete Unisex Invisible x3 Bl/Bl/Bl 4,2403 TL Atomik Soquete Unisex Invisible Blanco 3P,2403|1930,BL/BL/BL,4,3
AT2403NENENE4,1128,2403,125,MATCH_ALTO,Atomik 2403(Atk-1930)Soquete Unisex Invisible x3 Ne/Ne/Ne 4,2403 TL Atomik Soquete Unisex Invisible Negro 3P,2403|1930,NE/NE/NE,4,3
AT2403NENENE5,1127,2403,125,MATCH_ALTO,Atomik 2403(Atk-1930)Soquete Unisex Invisible x3 Ne/Ne/Ne 5,2403 TM Atomik Soquete Unisex Invisible Negro 3P,2403|1930,NE/NE/NE,5,3
AT2406BLBL1,138,2406,125,MATCH_ALTO,Atomik 2406(Atk-7374Liso)Soquete Liso x2 Bl/Bl 1,2406 T1 Atomik Soquete Liso Blanco 2P,2406|7374,BL/BL,1,2
AT2406BLBL2,140,2406,125,MATCH_ALTO,Atomik 2406(Atk-7374Liso)Soquete Liso x2 Bl/Bl 2,2406 T2 Atomik Soquete Liso Blanco 2P,2406|7374,BL/BL,2,2
AT2406NENE1,139,2406,125,MATCH_ALTO,Atomik 2406(Atk-7374Liso)Soquete Liso x2 Ne/Ne 1,2406 T1 Atomik Soquete Liso Negro 2P,2406|7374,NE/NE,1,2
AT2406NENE2,141,2406,125,MATCH_ALTO,Atomik 2406(Atk-7374Liso)Soquete Liso x2 Ne/Ne 2,2406 T2 Atomik Soquete Liso Negro 2P,2406|7374,NE/NE,2,2
AT2407BLBL1,1130,2407,125,MATCH_ALTO,Atomik 2407(Atk-Cole)Media Liso x2 Bl/Bl 1,2407 T1 Atomik Media Liso Blanco 2P,2407,BL/BL,1,2
AT2407BLBL2,145,2407,125,MATCH_ALTO,Atomik 2407(Atk-Cole)Media Liso x2 Bl/Bl 2,2407 T2 Atomik Media Liso Blanco 2P,2407,BL/BL,2,2
AT2407BLBL3,148,2407,125,MATCH_ALTO,Atomik 2407(Atk-Cole)Media Liso x2 Bl/Bl 3,2407 T3 Atomik Media Liso Blanco 2P,2407,BL/BL,3,2
AT2407BLNE2,144,2407,124,MATCH_ALTO,Atomik 2407(Atk-Cole)Media Liso x2 Bl/Ne 2,2407 T2 Atomik Media Liso Mix 2P,2407,BL/NE,2,2
AT2407BLNE3,147,2407,124,MATCH_ALTO,Atomik 2407(Atk-Cole)Media Liso x2 Bl/Ne 3,2407 T3 Atomik Media Liso Mix 2P,2407,BL/NE,3,2
AT2407NENE1,1131,2407,125,MATCH_ALTO,Atomik 2407(Atk-Cole)Media Liso x2 Ne/Ne 1,2407 T1 Atomik Media Liso Negro 2P,2407,NE/NE,1,2
AT2407NENE2,146,2407,125,MATCH_ALTO,Atomik 2407(Atk-Cole)Media Liso x2 Ne/Ne 2,2407 T2 Atomik Media Liso Negro 2P,2407,NE/NE,2,2
AT2407NENE3,149,2407,125,MATCH_ALTO,Atomik 2407(Atk-Cole)Media Liso x2 Ne/Ne 3,2407 T3 Atomik Media Liso Negro 2P,2407,NE/NE,3,2
AT2408BLBL1,1354,2408,123,MATCH_ALTO,Atomik 2408 Medias Stripe Kids x2 Bl/Bl 1,2408 T1 Atomik Media Stripe Blanco 2P,2408,BL/BL,1,2
AT2408BLBL2,1355,2408,123,MATCH_ALTO,Atomik 2408 Medias Stripe Kids x2 Bl/Bl 2,2408 T2 Atomik Media Stripe Blanco 2P,2408,BL/BL,2,2
AT2408BLBL3,1356,2408,123,MATCH_ALTO,Atomik 2408 Medias Stripe Kids x2 Bl/Bl 3,2408 T3 Atomik Media Stripe Blanco 2P,2408,BL/BL,3,2
AT2408BLNE1,1360,2408,123,MATCH_ALTO,Atomik 2408 Medias Stripe Kids x2 Bl/Ne 1,2408 T1 Atomik Media Stripe Mix 2P,2408,BL/NE,1,2
AT2408BLNE2,1361,2408,123,MATCH_ALTO,Atomik 2408 Medias Stripe Kids x2 Bl/Ne 2,2408 T2 Atomik Media Stripe Mix 2P,2408,BL/NE,2,2
AT2408BLNE3,1362,2408,123,MATCH_ALTO,Atomik 2408 Medias Stripe Kids x2 Bl/Ne 3,2408 T3 Atomik Media Stripe Mix 2P,2408,BL/NE,3,2
AT2408NENE1,1357,2408,123,MATCH_ALTO,Atomik 2408 Medias Stripe Kids x2 Ne/Ne 1,2408 T1 Atomik Media Stripe Negro 2P,2408,NE/NE,1,2
AT2408NENE2,1358,2408,123,MATCH_ALTO,Atomik 2408 Medias Stripe Kids x2 Ne/Ne 2,2408 T2  Atomik Media Stripe Negro 2P,2408,NE/NE,2,2
AT2408NENE3,1359,2408,123,MATCH_ALTO,Atomik 2408 Medias Stripe Kids x2 Ne/Ne 3,2408 T3 Atomik Media Stripe Negro 2P,2408,NE/NE,3,2
KP610BLGMNE4,340,610,99,MATCH_ALTO,Kamp 610 Tripack Bl/Gm/Ne 4,610 T4 Kamp Tripack  Bl/Gm/Ne 3P,610,BL/GM/NE,4,3
LE7538BLBL5,524,37538,163,MATCH_ALTO,Levis 7538-M003 Mid Cut Sport Stripe 2P Bl/Bl 5,37538-M003 T5 Levis Mid Cut Sport Stripe Blanco 2P,7538|37538,BL/BL,5,2
LE7539MNMNMN5,525,37538,120,MATCH_ALTO,Levis (7539)7538-M002 Mid Cut Batwing Logo 3P Mn/Mn/Mn 5,37538-M002 T5 Levis Mid Cut Batwing Logo Marino 3P,7539|37538|7538,MN/MN/MN,5,3
LE7539NENENE5,526,37538,120,MATCH_ALTO,Levis (7539)7538-M001 Mid Cut Batwing Logo 3P Ne/Ne/Ne 5,37538-M001 T5 Levis Mid Cut Batwing Logo Negro 3P,7539|37538|7538,NE/NE/NE,5,3
LE7571BLBL5,527,37571,163,MATCH_ALTO,Levis 7571-M003 Low Cut Sport Stripe 2P Bl/Bl 5,37571-M003 T5 Levis Low Cut Sport Stripe Blanco 2P,7571|37571,BL/BL,5,2
LE7862MNMN5,592,37864,120,MATCH_ALTO,Levis (7862)7864-M002 Reg Cut Wordmark Logo 2P Mn/Mn 5,37864-M002 T5 Levis Reg Cut Wordmark Logo Marino 2P,7862|37864|7864,MN/MN,5,2
LE7863BLBLBL4,594,37863,119,MATCH_ALTO,Levis (7861)7863-W002 Low Cut Wordmark Logo 3P Bl/Bl/Bl 4,37863-W002 T4 Levis Women Low Cut Logo Blanco 3P,7863|37863|7861,BL/BL/BL,4,3
LE7863BLBLBL5,596,37863,121,MATCH_ALTO,Levis 7863-M003 Low Cut Wordmark Logo 3P Bl/Bl/Bl 5,37863-M003 T5 Levis Low Cut Wordmark Logo Blanco 3P,7863|37863,BL/BL/BL,5,3
LE7863GTM4BL5,597,37863,154,MATCH_ALTO,Levis 7863-M004 Low Cut Wordmark Logo 3P Gt/M4/Bl 5,37863-M004 T5 Levis Low Cut Wordmark Logo Gt/M4/Bl 3P,7863|37863,GT/M4/BL,5,3
LE7864BLBL5,599,37864,163,MATCH_ALTO,Levis 7864-M003 Reg Cut Sport Stripe 2P Bl/Bl 5,37864-M003 T5 Levis Reg Cut Sport Stripe Blanco 2P,7864|37864,BL/BL,5,2
LE7867BLBL4,600,37867,121,MATCH_ALTO,Levis 7867-W002 Women Low Rise Logo 2P Bl/Bl 4,37867-W002 T4 Levis Women Low Rise Logo Blanco 2P,7867|37867,BL/BL,4,2
LE7867NENE4,601,37867,121,MATCH_ALTO,Levis 7867-W001 Women Low Rise Logo 2P Ne/Ne 4,37867-W001 T4 Levis Women Low Rise Logo Negro 2P,7867|37867,NE/NE,4,2
PU1015BLBLBL4,11,906978,160,MATCH_ALTO,Puma 6978-07 Quarter 3P Bl/Bl/Bl 4,906978-07 T4 Puma Unisex Quarter Plain Blanco 3P,1015|906978|6978,BL/BL/BL,4,3
PU1015BLGMMN4,9,906978,132,MATCH_ALTO,Puma 6978-13 Quarter 3P Bl/Gm/Mn 4,906978-13 T4 Puma Unisex Quarter Plain Bl/Gm/Mn 3P,1015|906978|6978,BL/GM/MN,4,3
PU1015BLNEGM4,10,906978,132,MATCH_ALTO,Puma 6978-21 Quarter 3P Bl/Ne/Gm 4,906978-21 T4 Puma Unisex Quarter Plain Bl/Ne/Gm 3P,1015|906978|6978,BL/NE/GM,4,3
PU1015NENENE4,12,906978,160,MATCH_ALTO,Puma 6978-03 Quarter 3P Ne/Ne/Ne 4,906978-03 T4 Puma Unisex Quarter Plain Negro 3P,1015|906978|6978,NE/NE/NE,4,3
PU1015RSBLGM4,13,906978,132,MATCH_ALTO,Puma 6978-08 Quarter 3P Rs/Bl/Gm 4,906978-08 T4 Puma Unisex Quarter Plain Rs/Bl/Gm 3P,1015|906978|6978,RS/BL/GM,4,3
PU1025BLBLBL4,23,906807,160,MATCH_ALTO,Puma 6807-03 Inv. Sneaker 3P Bl/Bl/Bl 4,906807-03 T5 Puma Invisible Sneaker Blanco 3P,1025|906807|6807,BL/BL/BL,4,3
PU1025BLNEGM4,22,906807,132,MATCH_ALTO,Puma 6807-15 Inv. Sneaker 3P Bl/Ne/Gm 4,906807-15 T4 Puma Invisible Sneaker Bl/Ne/Gm 3P,1025|906807|6807,BL/NE/GM,4,3
PU1025FUGMM44,24,906807,132,MATCH_ALTO,Puma 6807-12 Inv. Sneaker 3P Fu/Gm/M4 4,906807-12 T4 Puma Invisible Sneaker Fu/Gm/M4 3P,1025|906807|6807,FU/GM/M4,4,3
PU1025GTGMM44,25,906807,132,MATCH_ALTO,Puma 6807-14 Puma Inv. Sneaker 3P Gt/Gm/M4 4,906807-14 T4 Puma Invisible Sneaker Gt/Gm/M4 3P,1025|906807|6807,GT/GM/M4,4,3
PU1025GTGMM45,37,906807,132,MATCH_ALTO,Puma 6807-14 Puma Inv. Sneaker 3P Gt/Gm/M4 5,906807-14 T5 Puma Invisible Sneaker Gt/Gm/M4 3P,1025|906807|6807,GT/GM/M4,5,3
PU1025NENENE4,27,906807,160,MATCH_ALTO,Puma 6807-01 Inv. Sneaker 3P Ne/Ne/Ne 4,906807-01 T4 Puma Invisible Sneaker Negro 3P,1025|906807|6807,NE/NE/NE,4,3
PU1025RSBLGM4,28,906807,132,MATCH_ALTO,Puma 6807-20 Inv. Sneaker 3P Rs/Bl/Gm 4,906807-20 T4 Puma Invisible Sneaker Rs/Bl/Gm 3P,1025|906807|6807,RS/BL/GM,4,3
PU1025TUVEVI4,30,906807,135,MATCH_ALTO,Puma 6807-79 Inv. Sneaker 3P Tu/Ve/Vi 4,906807-79 T4 Puma Invisible Sneaker Blanco Logo Tu/Ve/Vi 3P,1025|906807|6807,VE,4,3
PU1025TUVEVI5,39,906807,135,MATCH_ALTO,Puma 6807-79 Inv. Sneaker 3P Tu/Ve/Vi 5,906807-79 T5 Puma Invisible Sneaker Blanco Logo Tu/Ve/Vi 3P,1025|906807|6807,VE,5,3
PU1315NENE3,42,1315,160,MATCH_ALTO,PUMA 2570-04 Kids inv. Sneakers 2P Ne/Ne 3,892570-04 T3 Puma Kids invisible Sneakers Negro 2P,1315|2570,NE/NE,3,2
PU2392AZAZ3,122,907959,112,MATCH_ALTO,Puma 7959-04 Separate Tees Az/Az 3,907959-04 T3 Puma Easy Rider Junior Azul 2P,2392|7959,AZ/AZ,3,2
PU2392BLBL3,123,907959,112,MATCH_ALTO,Puma 7959-02 Separate Tees Bl/Bl 3,907959-02 T3 Puma Easy Rider Junior Blanco 2P,2392|7959,BL/BL,3,2
PU2392NENE3,124,907959,114,MATCH_ALTO,Puma 7959-01 Puma Easy Rider JR Ne/Ne 3,907959-01 T3 Puma Easy Rider Junior Negro 2P,2392|7959,NE/NE,3,2
PU3765BLBLGM5,201,883765,129,MATCH_ALTO,PUMA 3765-03 Lifestyle Sock 3P Bl/Bl/Gm 5,883765-03 T5 Puma Lifestyle Bl/Bl/Gm 3P,3765|883765,BL/BL/GM,5,3
PU3765NENEGM5,202,883765,129,MATCH_ALTO,PUMA 3765-02 Lifestyle Sock 3P Ne/Ne/Gm 5,883765-02 T5 Puma Lifestyle Ne/Ne/Gm 3P,3765|883765,NE/NE/GM,5,3
PU4491BLBLBL3,213,907958,115,MATCH_ALTO,Puma 7958-02 Sport Junior T:4 3P Bl/Bl/Bl 3,907958-02 T4 Puma Sport Junior Blanco 3P,4491|907958|7958,BL/BL/BL,3,3
PU4491NENENE3,215,907958,115,MATCH_ALTO,Puma 7958-01 Sport Junior T:4 3P Ne/Ne/Ne 3,907958-01 T4 Puma Sport Junior Negro 3P,4491|907958|7958,NE/NE/NE,3,3
PU504BLBLBL5,36,906807,158,MATCH_ALTO,PUMA 6807-03 Inv. Sneakers 3P Bl/Bl/Bl 5,906807-03 T5 Puma Invisible Sneaker Blanco 3P,504|906807|6807,BL/BL/BL,5,3
PU504BLNEGM5,35,906807,130,MATCH_ALTO,PUMA 6807-15 Inv. Sneakers 3P Bl/Ne/Gm 5,906807-15 T5 Puma Invisible Sneaker Bl/Ne/Gm 3P,504|906807|6807,BL/NE/GM,5,3
PU504NENENE5,38,906807,158,MATCH_ALTO,PUMA 6807-01 Inv. Sneakers 3P Ne/Ne/Ne 5,906807-01 T5 Puma Invisible Sneaker Negro 3P,504|906807|6807,NE/NE/NE,5,3
PU5476BLBL4,282,935476,160,MATCH_ALTO,Puma 5476-01 Sport Light Sneaker x2 Bl/Bl 4,935476-01 T4 Puma Sport Light Sneaker Blanco 2P,5476|935476,BL/BL,4,2
PU5476BLBL5,286,935476,160,MATCH_ALTO,Puma 5476-01 Sport Light Sneaker x2 Bl/Bl 5,935476-01 T5 Puma Sport Light Sneaker Blanco 2P,5476|935476,BL/BL,5,2
PU5476NENE4,284,935476,160,MATCH_ALTO,Puma 5476-02 Sport Light Sneaker x2 Ne/Ne 4,935476-02 T4 Puma Sport Light Sneaker Negro 2P,5476|935476,NE/NE,4,2
PU5476NENE5,288,935476,160,MATCH_ALTO,Puma 5476-02 Sport Light Sneaker x2 Ne/Ne 5,935476-02 T5 Puma Sport Light Sneaker Negro 2p,5476|935476,NE/NE,5,2
PU5478CEBL1,289,935478,163,MATCH_ALTO,Puma 5478-01 Baby Mini Cats Ce/Bl 1,935478-01 T1 Puma Baby Mini Cats Lifestyle Ce/Bl 2P,5478|935478,BL,1,2
PU595BLBLBL5,488,906110,161,MATCH_ALTO,PUMA 6110-01 Sport 3P Bl/Bl/Bl 5,906110-01 T5 Puma Sport Blanco 3P,595|7312|6110,BL/BL/BL,5,3
PU6245NENE4,358,906245,161,MATCH_ALTO,Puma 6245-01 Footie 2P Ne/Ne 4,906245-01 T4 Puma Footie Negro 2P,6245|906245,NE/NE,4,2
PU6800BLBL4,407,906800,160,MATCH_ALTO,Puma 6800-02 Cushioned Sneaker Px2 Bl/Bl 4,906800-02 T4 Puma Cushioned Sneaker Blanco 2P,6800|906800,BL/BL,4,2
PU6800BLBL5,409,906800,160,MATCH_ALTO,Puma 6800-02 Cushioned Sneaker Px2 Bl/Bl 5,906800-02 T5 Puma Cushioned Sneaker Blanco 2P,6800|906800,BL/BL,5,2
PU6800NENE4,408,906800,160,MATCH_ALTO,Puma 6800-01 Cushioned Sneaker Px2 Ne/Ne 4,906800-01 T4 Puma Cushioned Sneaker Negro 2P,6800|906800,NE/NE,4,2
PU6800NENE5,410,906800,160,MATCH_ALTO,Puma 6800-01 Cushioned Sneaker Px2 Ne/Ne 5,906800-01 T5 Puma Cushioned Sneaker Negro 2P,6800|906800,NE/NE,5,2
PU681BLBLBL5,15,906978,160,MATCH_ALTO,PUMA 6978-07 Quarter 3P  Bl/Bl/Bl 5,906978-07 T5 Puma Unisex Quarter Plain Blanco 3P,681|906978|6978,BL/BL/BL,5,3
PU681BLNEGM5,14,906978,132,MATCH_ALTO,PUMA 6978-21 Quarter 3P Bl/Ne/Gm 5,906978-21 T5 Puma Unisex Quarter Plain Bl/Ne/Gm 3P,681|906978|6978,BL/NE/GM,5,3
PU681NENENE5,17,906978,160,MATCH_ALTO,PUMA 6978-03 Quarter 3P  Ne/Ne/Ne 5,906978-03 T5 Puma Unisex Quarter Plain Negro 3P,681|906978|6978,NE/NE/NE,5,3
PU6930BLBLBL4,423,906930,159,MATCH_ALTO,Puma 6930-02 Footie P3 Bl/Bl/Bl 4,906930-02 T4 Puma Footie Blanco 3P,6930|906930,BL/BL/BL,4,3
PU6930NENENE4,425,906930,159,MATCH_ALTO,Puma 6930-01 Footie P3 Ne/Ne/Ne 4,906930-01 T4 Puma Footie Negro 3P,6930|906930,NE/NE/NE,4,3
PU7375NENENE3,508,907375,116,MATCH_ALTO,Puma 7375-02 Kids Quarter 3P Ne/Ne/Ne 3,907375-02 T2 Puma Kids Quarter Negro 3P,7375,NE/NE/NE,3,3
PU7563CRBEMA5,1232,947563,145,MATCH_ALTO,Puma 7563-01 Unisex Logo Crew Sock 3P Cr/Be/Ma 5,947563-01 T5 Puma Unisex Logo Crew Sock Marron 3P,7563|947563,CR/BE/MA,5,3
PU7563VECENE5,1234,947563,145,MATCH_ALTO,Puma 7563-03 Unisex Logo Crew Sock 3P Ve/Ce/Ne 5,947563-03 T5 Puma Unisex Logo Crew Sock Verde 3P,7563|947563,VE/NE,5,3
PU7575BLBL3,1222,947575,121,MATCH_ALTO,Puma 7575-01 Kids Square Logo Quarter 2P Bl/Bl 3,947575-01 T3 Puma Kids Square Logo Quarter Blanco 2P,7575|947575,BL/BL,3,2
PU7576BLBL3,1224,947576,121,MATCH_ALTO,Puma 7576-01 Kids Logo Block Quarter 2P Bl/Bl 3,947576-01 T3 Puma Kids Logo Block Quarter Blanco 2P,7576|947576,BL/BL,3,2
PU7940BLBLBL5,604,907940,161,MATCH_ALTO,Puma 7940-02 Crew Sock Light Bl/Bl/Bl 5,907940-02 Puma Crew Sock Light Blanco 3P,7940|907940,BL/BL/BL,5,3
PU7940BLGMNE5,603,907940,134,MATCH_ALTO,Puma 7940-03 Crew Sock Light Bl/Gm/Ne 5,907940-03 Puma Crew Sock Light Bl/Gm/Ne 3P,7940|907940,BL/GM/NE,5,3
PU7940NENENE5,606,907940,161,MATCH_ALTO,Puma 7940-01 Crew Sock Light Ne/Ne/Ne 5,907940-01 Puma Crew Sock Light Negro 3P,7940|907940,NE/NE/NE,5,3
PU7942BLBLBL4,607,907942,161,MATCH_ALTO,Puma 7942-02 Cushioned Sneaker 3P Bl/Bl/Bl 4,907942-02 T4 Puma Cushioned Sneaker Blanco 3P,7942|907942,BL/BL/BL,4,3
PU7942BLBLBL5,609,907942,161,MATCH_ALTO,Puma 7942-02 Cushioned Sneaker 3P Bl/Bl/Bl 5,907942-02 T5 Puma Cushioned Sneaker Blanco 3P,7942|907942,BL/BL/BL,5,3
PU7942NENENE4,610,907942,161,MATCH_ALTO,Puma 7942-01 Cushioned Sneaker 3P Ne/Ne/Ne 4,907942-01 T4 Puma Cushioned Sneaker Negro 3P,7942|907942,NE/NE/NE,4,3
PU7942NENENE5,608,907942,161,MATCH_ALTO,Puma 7942-01 Cushioned Sneaker 3P Ne/Ne/Ne 5,907942-01 T5 Puma Cushioned Sneaker Negro 3P,7942|907942,NE/NE/NE,5,3
PU7943BLBLBL4,611,907943,161,MATCH_ALTO,Puma 7943-02 Cushioned Quarter 3P Bl/Bl/Bl 4,907943-02 T4 Puma Cushioned Quarter Blanco 3P,7943|907943,BL/BL/BL,4,3
PU7943BLBLBL5,613,907943,161,MATCH_ALTO,Puma 7943-02 Cushioned Quarter 3P Bl/Bl/Bl 5,907943-02 T5 Puma Cushioned Quarter Blanco 3P,7943|907943,BL/BL/BL,5,3
PU7943NENENE4,612,907943,161,MATCH_ALTO,Puma 7943-01 Cushioned Quarter 3P Ne/Ne/Ne 4,907943-01 T4 Puma Cushioned Quarter Negro 3P,7943|907943,NE/NE/NE,4,3
PU7943NENENE5,614,907943,161,MATCH_ALTO,Puma 7943-01 Cushioned Quarter 3P Ne/Ne/Ne 5,907943-01 T5 Puma Cushioned Quarter Negro 3P,7943|119079,NE/NE/NE,5,3
PU7944BLBL5,615,7944,161,MATCH_ALTO,Puma 7944-02 Crew Heritage 2P Bl/Bl 5,907944-02 T5 Puma Crew Heritage Stripe Blanco 2P,7944|907944,BL/BL,5,2
PU7944MNMN5,616,7944,133,MATCH_ALTO,Puma 7944-03 Crew Heritage 2P Mn/Mn 5,907944-03 T5 Puma Crew Heritage Stripe Blanco Logo Mno 2P,7944|907944,MN/MN,5,2
PU7944NENE5,618,7944,161,MATCH_ALTO,Puma 7944-01 Crew Heritage 2P Ne/Ne 5,907944-01 T5 Puma Crew Heritage Stripe Negro 2P,7944|907944,NE/NE,5,2
PU7947BLGM4,621,907947,129,MATCH_ALTO,Puma 7947-02 BWT SNEAKER Bl/Gm 4,907947-02 T4 Puma BWT Sneaker Bl/Gm 2P,7947|907947,BL/GM,4,2
PU7947BLGR5,625,907947,124,MATCH_ALTO,Puma 7947-02 BWT SNEAKER Bl/Gr 5,907947-02 T5 Puma BWT Sneaker Bl/Gm 2P,7947|907947,BL/GR,5,2
PU7947NEGT4,623,907947,129,MATCH_ALTO,Puma 7947-01 BWT SNEAKER Ne/Gt 4,907947-01 T4 Puma BWT Sneaker Ne/Gt 2P,7947|907947,NE/GT,4,2
PU7947NEGT5,628,907947,129,MATCH_ALTO,Puma 7947-01 BWT SNEAKER Ne/Gt 5,907947-01 T5 Puma BWT Sneaker Ne/Gt 2P,7947|907947,NE/GT,5,2
PU7947RSGR4,1084,907947,124,MATCH_ALTO,Puma 7947-04 BWT SNEAKER Rs/Gr 4,907947-04 T4 Puma BWT Sneaker Rs/Gm 2P,7947|907947,RS/GR,4,2
PU7950BLBL5,631,907950,154,MATCH_ALTO,Puma 7950-02 Unisex BWT Cushioned Bl/Bl 5,907950-02 T5 Unisex BWT Cushioned Quarter Blanco 2P,7950|907950,BL/BL,5,2
PU7950RSRS4,629,7950,160,MATCH_ALTO,Puma 7950-04 Unisex BWT Cushioned Rs/Rs 4,907950-04 T4 Puma Unisex BWT Cushioned Quarter Rosa 2P,7950|907950,RS/RS,4,2
PU7953MNAZ5,636,7953,122,MATCH_ALTO,Puma 7953-03 BWT LIFESTYLE Q Mn/Az 5,907953-03 T5 Puma Lifestyle Quarter Mn/Fr 2P,7953|907953,MN/AZ,5,2
PU7953NEM45,637,7953,122,MATCH_ALTO,Puma 7953-01 BWT LIFESTYLE Q Ne/M4 5,907953-01 T5 Puma Lifestyle Quarter Ne/Gt 2P,7953|907953,NE/M4,5,2
PU7953RSM44,635,7953,122,MATCH_ALTO,Puma 7953-04 BWT LIFESTYLE Q Rs/M4 4,907953-04 T4 Puma Lifestyle Quarter Rs/Gm 2P,7953|907953,RS/M4,4,2
PU7964BLBL3,643,907964,115,MATCH_ALTO,Puma 7964-02 CLYDE JUNIOR Q Bl/Bl 3,907964-02 Puma Clyde Junior Quarter Blanco 2P,7964|907964,BL/BL,3,2
PU7964MNBL3,644,907964,83,MATCH_MEDIO,Puma 7964-03 CLYDE JUNIOR Q Mn/Bl 3,907964-03 Puma Clyde Junior Quarter Mn/Bl 2P,7964|907964,MN/BL,3,2
PU7964NENE3,645,907964,115,MATCH_ALTO,Puma 7964-01 CLYDE JUNIOR Q Ne/Ne 3,907964-01 Puma Clyde Junior Quarter Negro 2P,7964|907964,NE/NE,3,2
PU7964RSBL3,646,907964,83,MATCH_MEDIO,Puma 7964-04 CLYDE JUNIOR Q Rs/Bl 3,907964-04 Puma Clyde Junior Quarter Rs/Bl 2P,7964|907964,RS/BL,3,2
PU8020BLRS4,658,938020,130,MATCH_ALTO,Puma 8020-04 Women Heart Short Sock Bl/Rs 4,938020-04 T4 Puma Women Heart Short Sock Bl/Rs 2P,8020|938020,BL/RS,4,2
PU8020GMGM4,659,938020,161,MATCH_ALTO,Puma 8020-03 Women Heart Short Sock Gm/Gm 4,938020-03 T4 Puma Women Heart Short Sock Gris Mel 2P,8020|938020,GM/GM,4,2
PU8022BLBLBL6,660,888022,113,MATCH_ALTO,Puma 8022-01 Sport XL Px3 Bl/Bl/Bl 6,888022-01 T6 Puma Sport  XXL Blanco 3P,8022|888022,BL/BL/BL,6,3
PU8022NEGMBL6,661,888022,87,MATCH_MEDIO,Puma 8022-02 Sport XXL Px3 Ne/Gm/Bl 6,888022-02 T6 Puma Sport  XXL Ne/Gm/Bl 3P,8022|888022,NE/GM/BL,6,3
PU8372AOAEMN5,721,938372,132,MATCH_ALTO,Puma 8372-04 New Generation Crew 3P Ao/Ae/Mn 5,938372-04 T5 Puma New G Cushioned Crew Ao/Ae/Mn 3P,8372|938372,AO/AE/MN,5,3
PU8372BLBLBL4,717,938372,160,MATCH_ALTO,Puma 8372-01 New Generation Crew 3P Bl/Bl/Bl 4,938372-01 T4 Puma New G Cushioned Crew Blanco 3P,8372|938372,BL/BL/BL,4,3
PU8372BLBLBL5,722,938372,160,MATCH_ALTO,Puma 8372-01 New Generation Crew 3P Bl/Bl/Bl 5,938372-01 T5 Puma New G Cushioned Crew Blanco 3P,8372|938372,BL/BL/BL,5,3
PU8372NENENE4,718,938372,160,MATCH_ALTO,Puma 8372-02 New Generation Crew 3P Ne/Ne/Ne 4,938372-02 T4 Puma New G Cushioned Crew Negro 3P,8372|938372,NE/NE/NE,4,3
PU8372NENENE5,723,938372,160,MATCH_ALTO,Puma 8372-02 New Generation Crew 3P Ne/Ne/Ne 5,938372-02 T5 Puma New G Cushioned Crew Negro 3P,8372|938372,NE/NE/NE,5,3
PU8380BLBL4,727,938380,161,MATCH_ALTO,Puma 8380-02 Women Sock 2P Bl/Bl 4,938380-02 T4 Puma Women Sock Blanco 2P,8380|938380,BL/BL,4,2
PU8380GMGM4,728,938380,161,MATCH_ALTO,Puma 8380-03 Women Sock 2P Gm/Gm 4,938380-03 T4 Puma Women Sock Gris Mel 2P,8380|938380,GM/GM,4,2
PU8380NENE4,729,938380,161,MATCH_ALTO,Puma 8380-01 Women Sock 2P Ne/Ne 4,938380-01 T4 Puma Women Sock Negro 2P,8380|938380,NE/NE,4,2
PU8382FUBL4,1219,938382,124,MATCH_ALTO,Puma 8382-16 Cushioned Sneaker 2P Fu/Bl 4,938382-16 T4 Puma Cushioned Sneaker Blanco 2P,8382|938382,FU/BL,4,2
PU8382GMGM4,730,938382,161,MATCH_ALTO,Puma 8382-03 Cushioned Sneaker 2P Gm/Gm 4,938382-03 T4 Puma Cushioned Sneaker Gris Mel 2P,8382|938382,GM/GM,4,2
PU8382NENE4,731,938382,161,MATCH_ALTO,Puma 8382-01 Cushioned Sneaker 2P Ne/Ne 4,938382-01 T4 Puma Cushioned Sneaker Negro 2P,8382|938382,NE/NE,4,2
PU8391MNMN5,742,8391,126,MATCH_ALTO,Puma 8391-03 Men Classic Sock 2P Mn/Mn 5,938391 T5 Puma Men Classic Sock Marino 2P,8391,MN/MN,5,2
PU8391NENE5,743,8391,126,MATCH_ALTO,Puma 8391-01 Men Classic Sock 2P Ne/Ne 5,938391 T5 Puma Men Classic Sock Negro 2P,8391,NE/NE,5,2
PU8393AOAEMN4,745,938393,132,MATCH_ALTO,Puma 8393-04 Unisex New Quarter 3P Ao/Ae/Mn 4,938393-04 T4 Puma New G Cushioned Quarter Ao/Ae/Mn 3P,8393|938393,AO/AE/MN,4,3
PU8393AOAEMN5,750,938393,132,MATCH_ALTO,Puma 8393-04 Unisex New Quarter 3P Ao/Ae/Mn 5,938393-04 T5 Puma New G Cushioned Quarter Ao/Ae/Mn 3P,8393|938393,AO/AE/MN,5,3
PU8393NENENE4,747,938393,160,MATCH_ALTO,Puma 8393-02 Unisex New Quarter 3P Ne/Ne/Ne 4,938393-02 T4 Puma New G Cushioned Quarter Negro 3P,8393|938393,NE/NE/NE,4,3
PU8393NENENE5,752,938393,160,MATCH_ALTO,Puma 8393-02 Unisex New Quarter 3P Ne/Ne/Ne 5,938393-02 T5 Puma New G Cushioned Quarter Negro 3P,8393|938393,NE/NE/NE,5,3
PU8624CRBEMA5,1253,938624,128,MATCH_ALTO,Puma 8624-27 Unisex Sneaker Plain 3P Cr/Be/Ma 5,938624-27 T5 Unisex Sneaker Plain Ma/Be/Cr 3P,8624|938624,CR/BE/MA,5,3
PU8624VECENE5,1254,938624,125,MATCH_ALTO,Puma 8624-30 Unisex Sneaker Plain 3P Ve/Ce/Ne 5,938624-30 T5 Unisex Sneaker Plain Ve/Ce/Ne 3P,8624|938624,VE/NE,5,3
PU8643LICR4,768,938643,165,MATCH_ALTO,Puma 8643-08 Heritage Toe Sneaker 2P Li/Cr 4,938643-08 T4 Puma Heritage Toe Sneaker Li/Cr 2P,8643|938643,CR,4,2
PU8643RSBE4,769,938643,126,MATCH_ALTO,Puma 8643-05 Heritage Toe Sneaker 2P Rs/Be 4,938643-05 T4 Puma Heritage Toe Sneaker Rs/Cr 2P,8643|938643,RS/BE,4,2
PU8652LIBL3,772,938652,122,MATCH_ALTO,Puma 8652-03 Kids Heart Logo Short Crew 2P Li/Bl 3,938652-03 T3 Puma Kids Heart Logo Crew Li/Bl 2P,8652|938652,BL,3,2
PU8652RSBL3,773,938652,150,MATCH_ALTO,Puma 8652-04 Kids Heart Logo Short Crew 2P Rs/Bl 3,938652-04 T3 Puma Kids Heart Logo Crew Rs/Bl 2P,8652|938652,RS/BL,3,2
RE3000BLBLBL5,157,3000,95,MATCH_ALTO,Reef 3000 Logo Prog Crew Bl/Bl/Bl 5,3000-02 T5 Reef Logo Program Crew Negro 3P,3000,BL/BL/BL,5,3
RE3080BLBLBL3,1295,3080,95,MATCH_ALTO,Reef 3080 KIDS LOGO PROG CREW Bl/Bl/Bl 3,3080-02 T3 Reef Kids Logo Program Crew Negro 3P,3080,BL/BL/BL,3,3
RE3080BLNEGR3,1296,3080,117,MATCH_ALTO,Reef 3080 KIDS LOGO PROG CREW Bl/Ne/Gr 3,3080-03 T3 Reef Kids Logo Program Crew Bl/Ne/Gr 3P,3080,BL/NE/GR,3,3
RE3120BLNEGR4,165,3120,96,MATCH_ALTO,Reef 3120 INV SNEAKER Bl/Ne/Gr 4,3120-01 T4 Reef Invisible Sneaker Bl/Ne/Gr 3P,3120,BL/NE/GR,4,3
RE3120BLNEGR5,169,3120,96,MATCH_ALTO,Reef 3120 INV SNEAKER Bl/Ne/Gr 5,3120-01 T5 Reef Invisible Sneaker Bl/Ne/Gr 3P,3120,BL/NE/GR,5,3
RE3300BLNEGR5,188,3300,98,MATCH_ALTO,Reef 3300 REEF MT SNEAKER Bl/Ne/Gr 5,3300-01 T5 Reef MT Sneaker Bl/Ne/Gr 3P,3300,BL/NE/GR,5,3
RE3300NENENE5,190,3300,126,MATCH_ALTO,Reef 3300 REEF MT SNEAKER Ne/Ne/Ne 5,3300-03 T5 Reef MT Sneaker Negro 3P,3300,NE/NE/NE,5,3
SEKP609BL5,333,609,103,MATCH_ALTO,Kamp 609 Kamp Pantorrilleras Blanco 5,609 T5 Kamp Pantorrilleras Blanco 1P,609,BL,5,
SEKP611BL5,349,611,102,MATCH_ALTO,Kamp 611 Kamp Antideslizantes Blanco 5,611 T5 Kamp Medias Antideslizantes Blanco 1Par,611,BL,5,
SEKP611NE4,348,611,102,MATCH_ALTO,Kamp 611 Kamp Antideslizantes Negro 4,611 T4 Kamp Medias Antideslizantes Negro 1Par,611,NE,4,
SEKP611NE5,351,611,102,MATCH_ALTO,Kamp 611 Kamp Antideslizantes Negro 5,611 T5 Kamp Medias Antideslizantes Negro 1Par,611,NE,5,
SEPU56BLNE4,292,950056,140,MATCH_ALTO,Puma 950056-01 Traction Crew Sock 1P Blanco/Negro 4,950056-01 T4 Puma Traction Crew Sock Blanco 1P,950056,BL,4,
SEPU56BLNE5,295,950056,140,MATCH_ALTO,Puma 950056-01 Traction Crew Sock 1P Blanco/Negro 5,950056-01 T5 Puma Traction Crew Sock Blanco 1P,950056,BL,5,
SEPU56MNBL5,296,950056,140,MATCH_ALTO,Puma 950056-02 Traction Crew Sock 1P Marino/Blanco 5,950056-02 T5 Puma Traction Crew Sock Marino 1P,950056,MN,5,
SEPU56NEBL4,294,950056,140,MATCH_ALTO,Puma 950056-03 Traction Crew Sock 1P Negro/Blanco 4,950056-03 T4 Puma Traction Crew Sock Negro 1P,950056,NE,4,
SEPU56NEBL5,297,950056,140,MATCH_ALTO,Puma 950056-03 Traction Crew Sock 1P Negro/Blanco 5,950056-03 T5 Puma Traction Crew Sock Negro 1P,950056,NE,5,
VA510MNMN4,266,510,116,MATCH_ALTO,Varios 510 SOX Bipacks LISA Mn/Mn 4,510-05 T4 BS Medias Antideslizante Marino 2P,510,MN/MN,4,2
VA510MNMN5,271,510,116,MATCH_ALTO,Varios 510 SOX Bipacks LISA Mn/Mn 5,510-05 T5 BS Medias Antideslizante Marino 2P,510,MN/MN,5,2
VA510NENE5,272,510,116,MATCH_ALTO,Varios 510 SOX Bipacks LISA Ne/Ne 5,510-02 T5 BS Medias Antideslizante Negro 2P,510,NE/NE,5,2
