best_id_articulo,best_codigo,best_articulo,best_marca,best_modelos,best_colores,best_color_mode,best_talle,best_pack,best_variant_codes,status,confianza,score,razon,admin_IDArt,admin_id_manual,admin_NombreArticulo,admin_CodArtProv,admin_pack,admin_talle,admin_color_mode,admin_tipo_art_fab,candidatos_n,alt1_IDArt,alt1_nombre,alt1_score,alt2_IDArt,alt2_nombre,alt2_score,dict_version
KP610BLBLBL6,KP610,Kamp 610 Tripack Bl/Bl/Bl 6,Kamp ,610,BL/BL/BL,solid,6,3,,AMBIGUO,revisar,81,B_model+talle_diff+pack+color_solid+marca+jaccard_0.44,340,610,610 T4 Kamp Tripack  Bl/Gm/Ne 3P,,3,4,solid,Terminado,6,343,610 T5 Kamp Tripack Bl/Gm/Ne 3P,81,341,610 T4 Kamp Tripack Blanco 3P,80,2026-07-10-v3
KP610NENENE6,KP610,Kamp 610 Tripack Ne/Ne/Ne 6,Kamp ,610,NE/NE/NE,solid,6,3,,AMBIGUO,revisar,80,B_model+talle_diff+pack+color_solid+marca,342,610,610 T4 Kamp Tripack Negro 3P,,3,4,solid,Terminado,6,345,610 T5 Kamp Tripack Negro 3P,80,340,610 T4 Kamp Tripack  Bl/Gm/Ne 3P,29,2026-07-10-v3
PU1025AOAEMN5,p4/906807/16,Puma 6807-16 Inv. Sneaker 3P Ao/Ae/Mn 5,Puma,1025|906807|6807,AO/AE/MN,mix,5,3,6807-16|906807-16,AMBIGUO,revisar,87,B_model+variant_code+talle_diff+pack+color_solid_partial_mix+color_tok_3+marca+jaccard_0.54,33,906807,906807-16 T5 Puma Invisible Sneaker Ao/Ae/Mn 3P,906807-16 T130,3,6,solid,Terminado,49,39,906807-79 T5 Puma Invisible Sneaker Blanco Logo Tu/Ve/Vi 3P,87,36,906807-03 T5 Puma Invisible Sneaker Blanco 3P,73,2026-07-10-v3
PU6512BLGRNE5,u1-6512-892576/01,PUMA 2576-01 Unisex Sneakers Half Terry 3P Bl/Gr/Ne 5,Puma,6512|2576,BL/GR/NE,mix,5,3,2576-01|902576-01,AMBIGUO,revisar,55,B_model+talle+pack_mismatch_1par+color_logo_as_mix_partial+color_tok_2+marca,816,,2576 T5 Puma Sneakers Half Terry Blanco Logo Negro 1Par,,1,5,logo,Fabricado,7,821,2576 T5 Puma Sneakers Half Terry Negro Logo Blanco 1Par,55,818,2576 T5 Puma Sneakers Half Terry Blanco Logo Gris 1Par,37,2026-07-10-v3
PU7374BLBLBL2,v4-907374/05,Puma 7374-05 Kids Invisible Bl/Bl/Bl 2,Puma,7374|907374,BL/BL/BL,solid,2,3,7374-05|907374-05,AMBIGUO,revisar,113,B_model+variant_code+talle_diff+pack+color_solid+marca,498,907374,907374-05 T2 Puma Kids Invisibles Blanco 3P,907374-05 T110,3,4,solid,Terminado,16,501,907374-05 T3 Puma Kids Invisibles Blanco 3P,113,933,7374 T2 Puma Kids Invisibles Negro Logo Blanco 1Par,41,2026-07-10-v3
PU7374BLBLBL3,v4-907374/05,Puma 7374-05 Kids Invisible Bl/Bl/Bl 3,Puma,7374|907374,BL/BL/BL,solid,3,3,7374-05|907374-05,AMBIGUO,revisar,113,B_model+variant_code+talle_diff+pack+color_solid+marca,498,907374,907374-05 T2 Puma Kids Invisibles Blanco 3P,907374-05 T110,3,4,solid,Terminado,16,501,907374-05 T3 Puma Kids Invisibles Blanco 3P,113,938,7374 T3 Puma Kids Invisibles Negro Logo Blanco 1Par,41,2026-07-10-v3
RE3000NENENE5,3000-2,Reef 3000 Logo Prog Crew Ne/Ne/Ne 5,Reef,3000,NE/NE/NE,solid,5,3,,AMBIGUO,revisar,98,B_model+talle+pack+color_tok_1+marca,155,3000,3000-03 T5 Reef Logo Program Crew Bl/Ne/Gr 3P,3000-01 T39/43,3,5,logo,Terminado,3,156,3000-01 T5 Reef Logo Program Crew Blanco 3P,95,157,3000-02 T5 Reef Logo Program Crew Negro 3P,83,2026-07-10-v3
RE3080NENENE3,3080-2,Reef 3080 KIDS LOGO PROG CREW Ne/Ne/Ne 3,Reef,3080,NE/NE/NE,solid,3,3,,AMBIGUO,revisar,99,B_model+talle+pack+color_tok_1+marca+jaccard_0.43,1296,3080,3080-03 T3 Reef Kids Logo Program Crew Bl/Ne/Gr 3P,3080-03 T30/34,3,3,logo,Terminado,3,158,3080-01 T3 Reef Kids Logo Program Crew Blanco 3P,95,1295,3080-02 T3 Reef Kids Logo Program Crew Negro 3P,83,2026-07-10-v3
VA510BLNE5,VA510,Varios 510 SOX Bipacks LISA Bl/Ne 5,Varios,510,BL/NE,mix,5,2,,AMBIGUO,revisar,84,B_model+talle+pack+color_solid_partial_mix+color_tok_2,269,510,510-01 T5 BS Medias Antideslizante Bl/Ne 2P,510-01 T40/43,2,5,solid,Terminado,9,270,510-03 T5 BS Medias Antideslizante Blanco 2P,79,272,510-02 T5 BS Medias Antideslizante Negro 2P,79,2026-07-10-v3
AT2400BLBL4,AT2400,Atomik 2400 Medias Stripe x2 Bl/Bl 4,Atomik,2400,BL/BL,solid,4,2,,MATCH_ALTO,alta,124,B_model+talle+pack+color_solid+marca,1343,2400,2400 TL Atomik Media Stripe Blanco 2P,,2,4,solid,Terminado,11,1344,2400 TM Atomik Media Stripe Blanco 2P,79,1347,2400 TL Atomik Media Stripe Mix 2P,74,2026-07-10-v3
AT2400BLBL5,AT2400,Atomik 2400 Medias Stripe x2 Bl/Bl 5,Atomik,2400,BL/BL,solid,5,2,,MATCH_ALTO,alta,124,B_model+talle+pack+color_solid+marca,1344,2400,2400 TM Atomik Media Stripe Blanco 2P,,2,5,solid,Terminado,11,1343,2400 TL Atomik Media Stripe Blanco 2P,79,1348,2400 TM Atomik Media Stripe Mix 2P,74,2026-07-10-v3
AT2400BLNE4,AT2400,Atomik 2400 Medias Stripe x2 Bl/Ne 4,Atomik,2400,BL/NE,mix,4,2,,MATCH_ALTO,alta,123,B_model+talle+pack+color_mix+marca,1347,2400,2400 TL Atomik Media Stripe Mix 2P,,2,4,mix,Terminado,11,1343,2400 TL Atomik Media Stripe Blanco 2P,86,1345,2400 TL Atomik Media Stripe Negro 2P,86,2026-07-10-v3
AT2400BLNE5,AT2400,Atomik 2400 Medias Stripe x2 Bl/Ne 5,Atomik,2400,BL/NE,mix,5,2,,MATCH_ALTO,alta,123,B_model+talle+pack+color_mix+marca,1348,2400,2400 TM Atomik Media Stripe Mix 2P,,2,5,mix,Terminado,11,1344,2400 TM Atomik Media Stripe Blanco 2P,86,1346,2400 TM Atomik Media Stripe Negro 2P,86,2026-07-10-v3
AT2400NENE4,AT2400,Atomik 2400 Medias Stripe x2 Ne/Ne 4,Atomik,2400,NE/NE,solid,4,2,,MATCH_ALTO,alta,124,B_model+talle+pack+color_solid+marca,1345,2400,2400 TL Atomik Media Stripe Negro 2P,,2,4,solid,Terminado,11,1346,2400 TM Atomik Media Stripe Negro 2P,79,1352,2400 TM Atomik Media Stripe Negro 2P,79,2026-07-10-v3
AT2400NENE5,AT2400,Atomik 2400 Medias Stripe x2 Ne/Ne 5,Atomik,2400,NE/NE,solid,5,2,,MATCH_ALTO,alta,124,B_model+talle+pack+color_solid+marca,1346,2400,2400 TM Atomik Media Stripe Negro 2P,,2,5,solid,Terminado,11,1352,2400 TM Atomik Media Stripe Negro 2P,124,1345,2400 TL Atomik Media Stripe Negro 2P,79,2026-07-10-v3
AT2401BLBL4,AT2401,Atomik 2401(Atk-Caña)Media Liso x2 Bl/Bl 4,Atomik,2401,BL/BL,solid,4,2,,MATCH_ALTO,alta,125,B_model+talle+pack+color_solid+marca,128,2401,2401 TL Atomik Media Liso Blanco 2P,,2,4,solid,Terminado,8,126,2401 TM Atomik Media Liso Blanco 2P,80,129,2401 TL Atomik Media Liso Negro 2P,70,2026-07-10-v3
AT2401BLBL5,AT2401,Atomik 2401(Atk-Caña)Media Liso x2 Bl/Bl 5,Atomik,2401,BL/BL,solid,5,2,,MATCH_ALTO,alta,125,B_model+talle+pack+color_solid+marca,126,2401,2401 TM Atomik Media Liso Blanco 2P,,2,5,solid,Terminado,8,128,2401 TL Atomik Media Liso Blanco 2P,80,127,2401 TM Atomik Media Liso Negro 2P,70,2026-07-10-v3
AT2401NENE4,AT2401,Atomik 2401(Atk-Caña)Media Liso x2 Ne/Ne 4,Atomik,2401,NE/NE,solid,4,2,,MATCH_ALTO,alta,125,B_model+talle+pack+color_solid+marca,129,2401,2401 TL Atomik Media Liso Negro 2P,,2,4,solid,Terminado,8,127,2401 TM Atomik Media Liso Negro 2P,80,128,2401 TL Atomik Media Liso Blanco 2P,70,2026-07-10-v3
AT2401NENE5,AT2401,Atomik 2401(Atk-Caña)Media Liso x2 Ne/Ne 5,Atomik,2401,NE/NE,solid,5,2,,MATCH_ALTO,alta,125,B_model+talle+pack+color_solid+marca,127,2401,2401 TM Atomik Media Liso Negro 2P,,2,5,solid,Terminado,8,129,2401 TL Atomik Media Liso Negro 2P,80,126,2401 TM Atomik Media Liso Blanco 2P,70,2026-07-10-v3
AT2402BLBLBL4,AT2402,Atomik 2402(Atk-1025)Soquete Unisex Basico x3 Bl/Bl/Bl 4,Atomik,2402|1025,BL/BL/BL,solid,4,3,,MATCH_ALTO,alta,125,B_model+talle+pack+color_solid+marca,134,2402,2402 TL Atomik Soquete Unisex Basico Blanco 3P,,3,4,solid,Terminado,19,131,2402 TM Atomik Soquete Unisex Basico Blanco 3P,80,133,2402 TL Atomik Soquete Unisex Basico Mix 3P,75,2026-07-10-v3
AT2402BLBLBL5,AT2402,Atomik 2402(Atk-1025)Soquete Unisex Basico x3 Bl/Bl/Bl 5,Atomik,2402|1025,BL/BL/BL,solid,5,3,,MATCH_ALTO,alta,125,B_model+talle+pack+color_solid+marca,131,2402,2402 TM Atomik Soquete Unisex Basico Blanco 3P,,3,5,solid,Terminado,19,134,2402 TL Atomik Soquete Unisex Basico Blanco 3P,80,130,2402 TM Atomik Soquete Unisex Basico Mix 3P,75,2026-07-10-v3
AT2402BLGMNE4,AT2402,Atomik 2402(Atk-1025)Soquete Unisex Basico x3 Bl/Gm/Ne 4,Atomik,2402|1025,BL/GM/NE,mix,4,3,,MATCH_ALTO,alta,125,B_model+talle+pack+color_mix+marca,133,2402,2402 TL Atomik Soquete Unisex Basico Mix 3P,,3,4,mix,Terminado,19,134,2402 TL Atomik Soquete Unisex Basico Blanco 3P,88,135,2402 TL Atomik Soquete Unisex Basico Negro 3P,88,2026-07-10-v3
AT2402BLGMNE5,AT2402,Atomik 2402(Atk-1025)Soquete Unisex Basico x3 Bl/Gm/Ne 5,Atomik,2402|1025,BL/GM/NE,mix,5,3,,MATCH_ALTO,alta,125,B_model+talle+pack+color_mix+marca,130,2402,2402 TM Atomik Soquete Unisex Basico Mix 3P,,3,5,mix,Terminado,19,131,2402 TM Atomik Soquete Unisex Basico Blanco 3P,88,132,2402 TM Atomik Soquete Unisex Basico Negro 3P,88,2026-07-10-v3
AT2402NENENE5,AT2402,Atomik 2402(Atk-1025)Soquete Unisex Basico x3 Ne/Ne/Ne 5,Atomik,2402|1025,NE/NE/NE,solid,5,3,,MATCH_ALTO,alta,125,B_model+talle+pack+color_solid+marca,132,2402,2402 TM Atomik Soquete Unisex Basico Negro 3P,,3,5,solid,Terminado,19,135,2402 TL Atomik Soquete Unisex Basico Negro 3P,80,130,2402 TM Atomik Soquete Unisex Basico Mix 3P,75,2026-07-10-v3
AT2403BLBLBL4,AT2403,Atomik 2403(Atk-1930)Soquete Unisex Invisible x3 Bl/Bl/Bl 4,Atomik,2403|1930,BL/BL/BL,solid,4,3,,MATCH_ALTO,alta,125,B_model+talle+pack+color_solid+marca,137,2403,2403 TL Atomik Soquete Unisex Invisible Blanco 3P,,3,4,solid,Terminado,12,1126,2403 TM Atomik Soquete Unisex Invisible Blanco 3P,80,136,2403 TL Atomik Soquete Unisex Invisible Mix 3P,75,2026-07-10-v3
AT2403NENENE4,AT2403,Atomik 2403(Atk-1930)Soquete Unisex Invisible x3 Ne/Ne/Ne 4,Atomik,2403|1930,NE/NE/NE,solid,4,3,,MATCH_ALTO,alta,125,B_model+talle+pack+color_solid+marca,1128,2403,2403 TL Atomik Soquete Unisex Invisible Negro 3P,,3,4,solid,Terminado,12,1127,2403 TM Atomik Soquete Unisex Invisible Negro 3P,80,136,2403 TL Atomik Soquete Unisex Invisible Mix 3P,75,2026-07-10-v3
AT2403NENENE5,AT2403,Atomik 2403(Atk-1930)Soquete Unisex Invisible x3 Ne/Ne/Ne 5,Atomik,2403|1930,NE/NE/NE,solid,5,3,,MATCH_ALTO,alta,125,B_model+talle+pack+color_solid+marca,1127,2403,2403 TM Atomik Soquete Unisex Invisible Negro 3P,,3,5,solid,Terminado,12,1128,2403 TL Atomik Soquete Unisex Invisible Negro 3P,80,1125,2403 TM Atomik Soquete Unisex Invisible Mix 3P,75,2026-07-10-v3
AT2406BLBL1,AT2406,Atomik 2406(Atk-7374Liso)Soquete Liso x2 Bl/Bl 1,Atomik,2406|7374,BL/BL,solid,1,2,,MATCH_ALTO,alta,125,B_model+talle+pack+color_solid+marca,138,2406,2406 T1 Atomik Soquete Liso Blanco 2P,,2,1,solid,Terminado,28,140,2406 T2 Atomik Soquete Liso Blanco 2P,80,142,2406 T3 Atomik Soquete Liso Blanco 2P,80,2026-07-10-v3
AT2406BLBL2,AT2406,Atomik 2406(Atk-7374Liso)Soquete Liso x2 Bl/Bl 2,Atomik,2406|7374,BL/BL,solid,2,2,,MATCH_ALTO,alta,125,B_model+talle+pack+color_solid+marca,140,2406,2406 T2 Atomik Soquete Liso Blanco 2P,,2,2,solid,Terminado,28,138,2406 T1 Atomik Soquete Liso Blanco 2P,80,142,2406 T3 Atomik Soquete Liso Blanco 2P,80,2026-07-10-v3
AT2406NENE1,AT2406,Atomik 2406(Atk-7374Liso)Soquete Liso x2 Ne/Ne 1,Atomik,2406|7374,NE/NE,solid,1,2,,MATCH_ALTO,alta,125,B_model+talle+pack+color_solid+marca,139,2406,2406 T1 Atomik Soquete Liso Negro 2P,,2,1,solid,Terminado,28,141,2406 T2 Atomik Soquete Liso Negro 2P,80,143,2406 T3 Atomik Soquete Liso Negro 2P,80,2026-07-10-v3
AT2406NENE2,AT2406,Atomik 2406(Atk-7374Liso)Soquete Liso x2 Ne/Ne 2,Atomik,2406|7374,NE/NE,solid,2,2,,MATCH_ALTO,alta,125,B_model+talle+pack+color_solid+marca,141,2406,2406 T2 Atomik Soquete Liso Negro 2P,,2,2,solid,Terminado,28,139,2406 T1 Atomik Soquete Liso Negro 2P,80,143,2406 T3 Atomik Soquete Liso Negro 2P,80,2026-07-10-v3
AT2407BLBL1,AT2407,Atomik 2407(Atk-Cole)Media Liso x2 Bl/Bl 1,Atomik,2407,BL/BL,solid,1,2,,MATCH_ALTO,alta,125,B_model+talle+pack+color_solid+marca,1130,2407,2407 T1 Atomik Media Liso Blanco 2P,,2,1,solid,Terminado,15,145,2407 T2 Atomik Media Liso Blanco 2P,80,148,2407 T3 Atomik Media Liso Blanco 2P,80,2026-07-10-v3
AT2407BLBL2,AT2407,Atomik 2407(Atk-Cole)Media Liso x2 Bl/Bl 2,Atomik,2407,BL/BL,solid,2,2,,MATCH_ALTO,alta,125,B_model+talle+pack+color_solid+marca,145,2407,2407 T2 Atomik Media Liso Blanco 2P,,2,2,solid,Terminado,15,148,2407 T3 Atomik Media Liso Blanco 2P,80,1130,2407 T1 Atomik Media Liso Blanco 2P,80,2026-07-10-v3
AT2407BLBL3,AT2407,Atomik 2407(Atk-Cole)Media Liso x2 Bl/Bl 3,Atomik,2407,BL/BL,solid,3,2,,MATCH_ALTO,alta,125,B_model+talle+pack+color_solid+marca,148,2407,2407 T3 Atomik Media Liso Blanco 2P,,2,3,solid,Terminado,15,145,2407 T2 Atomik Media Liso Blanco 2P,80,1130,2407 T1 Atomik Media Liso Blanco 2P,80,2026-07-10-v3
AT2407BLNE2,AT2407,Atomik 2407(Atk-Cole)Media Liso x2 Bl/Ne 2,Atomik,2407,BL/NE,mix,2,2,,MATCH_ALTO,alta,124,B_model+talle+pack+color_mix+marca,144,2407,2407 T2 Atomik Media Liso Mix 2P,,2,2,mix,Terminado,15,145,2407 T2 Atomik Media Liso Blanco 2P,87,146,2407 T2 Atomik Media Liso Negro 2P,87,2026-07-10-v3
AT2407BLNE3,AT2407,Atomik 2407(Atk-Cole)Media Liso x2 Bl/Ne 3,Atomik,2407,BL/NE,mix,3,2,,MATCH_ALTO,alta,124,B_model+talle+pack+color_mix+marca,147,2407,2407 T3 Atomik Media Liso Mix 2P,,2,3,mix,Terminado,15,148,2407 T3 Atomik Media Liso Blanco 2P,87,149,2407 T3 Atomik Media Liso Negro 2P,87,2026-07-10-v3
AT2407NENE1,AT2407,Atomik 2407(Atk-Cole)Media Liso x2 Ne/Ne 1,Atomik,2407,NE/NE,solid,1,2,,MATCH_ALTO,alta,125,B_model+talle+pack+color_solid+marca,1131,2407,2407 T1 Atomik Media Liso Negro 2P,,2,1,solid,Terminado,15,146,2407 T2 Atomik Media Liso Negro 2P,80,149,2407 T3 Atomik Media Liso Negro 2P,80,2026-07-10-v3
AT2407NENE2,AT2407,Atomik 2407(Atk-Cole)Media Liso x2 Ne/Ne 2,Atomik,2407,NE/NE,solid,2,2,,MATCH_ALTO,alta,125,B_model+talle+pack+color_solid+marca,146,2407,2407 T2 Atomik Media Liso Negro 2P,,2,2,solid,Terminado,15,149,2407 T3 Atomik Media Liso Negro 2P,80,1131,2407 T1 Atomik Media Liso Negro 2P,80,2026-07-10-v3
AT2407NENE3,AT2407,Atomik 2407(Atk-Cole)Media Liso x2 Ne/Ne 3,Atomik,2407,NE/NE,solid,3,2,,MATCH_ALTO,alta,125,B_model+talle+pack+color_solid+marca,149,2407,2407 T3 Atomik Media Liso Negro 2P,,2,3,solid,Terminado,15,146,2407 T2 Atomik Media Liso Negro 2P,80,1131,2407 T1 Atomik Media Liso Negro 2P,80,2026-07-10-v3
AT2408BLBL1,AT2408,Atomik 2408 Medias Stripe Kids x2 Bl/Bl 1,Atomik,2408,BL/BL,solid,1,2,,MATCH_ALTO,alta,123,B_model+talle+pack+color_solid+marca,1354,2408,2408 T1 Atomik Media Stripe Blanco 2P,,2,1,solid,Terminado,15,1355,2408 T2 Atomik Media Stripe Blanco 2P,78,1356,2408 T3 Atomik Media Stripe Blanco 2P,78,2026-07-10-v3
AT2408BLBL2,AT2408,Atomik 2408 Medias Stripe Kids x2 Bl/Bl 2,Atomik,2408,BL/BL,solid,2,2,,MATCH_ALTO,alta,123,B_model+talle+pack+color_solid+marca,1355,2408,2408 T2 Atomik Media Stripe Blanco 2P,,2,2,solid,Terminado,15,1354,2408 T1 Atomik Media Stripe Blanco 2P,78,1356,2408 T3 Atomik Media Stripe Blanco 2P,78,2026-07-10-v3
AT2408BLBL3,AT2408,Atomik 2408 Medias Stripe Kids x2 Bl/Bl 3,Atomik,2408,BL/BL,solid,3,2,,MATCH_ALTO,alta,123,B_model+talle+pack+color_solid+marca,1356,2408,2408 T3 Atomik Media Stripe Blanco 2P,,2,3,solid,Terminado,15,1354,2408 T1 Atomik Media Stripe Blanco 2P,78,1355,2408 T2 Atomik Media Stripe Blanco 2P,78,2026-07-10-v3
AT2408BLNE1,AT2408,Atomik 2408 Medias Stripe Kids x2 Bl/Ne 1,Atomik,2408,BL/NE,mix,1,2,,MATCH_ALTO,alta,123,B_model+talle+pack+color_mix+marca,1360,2408,2408 T1 Atomik Media Stripe Mix 2P,,2,1,mix,Terminado,15,1354,2408 T1 Atomik Media Stripe Blanco 2P,86,1357,2408 T1 Atomik Media Stripe Negro 2P,86,2026-07-10-v3
AT2408BLNE2,AT2408,Atomik 2408 Medias Stripe Kids x2 Bl/Ne 2,Atomik,2408,BL/NE,mix,2,2,,MATCH_ALTO,alta,123,B_model+talle+pack+color_mix+marca,1361,2408,2408 T2 Atomik Media Stripe Mix 2P,,2,2,mix,Terminado,15,1355,2408 T2 Atomik Media Stripe Blanco 2P,86,1358,2408 T2  Atomik Media Stripe Negro 2P,86,2026-07-10-v3
AT2408BLNE3,AT2408,Atomik 2408 Medias Stripe Kids x2 Bl/Ne 3,Atomik,2408,BL/NE,mix,3,2,,MATCH_ALTO,alta,123,B_model+talle+pack+color_mix+marca,1362,2408,2408 T3 Atomik Media Stripe Mix 2P,,2,3,mix,Terminado,15,1356,2408 T3 Atomik Media Stripe Blanco 2P,86,1359,2408 T3 Atomik Media Stripe Negro 2P,86,2026-07-10-v3
AT2408NENE1,AT2408,Atomik 2408 Medias Stripe Kids x2 Ne/Ne 1,Atomik,2408,NE/NE,solid,1,2,,MATCH_ALTO,alta,123,B_model+talle+pack+color_solid+marca,1357,2408,2408 T1 Atomik Media Stripe Negro 2P,,2,1,solid,Terminado,15,1358,2408 T2  Atomik Media Stripe Negro 2P,78,1359,2408 T3 Atomik Media Stripe Negro 2P,78,2026-07-10-v3
AT2408NENE2,AT2408,Atomik 2408 Medias Stripe Kids x2 Ne/Ne 2,Atomik,2408,NE/NE,solid,2,2,,MATCH_ALTO,alta,123,B_model+talle+pack+color_solid+marca,1358,2408,2408 T2  Atomik Media Stripe Negro 2P,,2,2,solid,Terminado,15,1357,2408 T1 Atomik Media Stripe Negro 2P,78,1359,2408 T3 Atomik Media Stripe Negro 2P,78,2026-07-10-v3
AT2408NENE3,AT2408,Atomik 2408 Medias Stripe Kids x2 Ne/Ne 3,Atomik,2408,NE/NE,solid,3,2,,MATCH_ALTO,alta,123,B_model+talle+pack+color_solid+marca,1359,2408,2408 T3 Atomik Media Stripe Negro 2P,,2,3,solid,Terminado,15,1357,2408 T1 Atomik Media Stripe Negro 2P,78,1358,2408 T2  Atomik Media Stripe Negro 2P,78,2026-07-10-v3
KP610BLGMNE4,KP610,Kamp 610 Tripack Bl/Gm/Ne 4,Kamp ,610,BL/GM/NE,mix,4,3,,MATCH_ALTO,alta,99,B_model+talle+pack+color_solid_partial_mix+color_tok_3+marca+jaccard_0.67,340,610,610 T4 Kamp Tripack  Bl/Gm/Ne 3P,,3,4,solid,Terminado,6,341,610 T4 Kamp Tripack Blanco 3P,87,342,610 T4 Kamp Tripack Negro 3P,87,2026-07-10-v3
LE7538BLBL5,C1 37538-M003,Levis 7538-M003 Mid Cut Sport Stripe 2P Bl/Bl 5,Levis,7538|37538,BL/BL,solid,5,2,37538-M003|7538-M003|907538-M003,MATCH_ALTO,alta,163,B_model+variant_code+talle+pack+color_solid+marca+jaccard_0.54,524,37538,37538-M003 T5 Levis Mid Cut Sport Stripe Blanco 2P,37538-M003 T40/43,2,5,solid,Terminado,6,525,37538-M002 T5 Levis Mid Cut Batwing Logo Marino 3P,52,526,37538-M001 T5 Levis Mid Cut Batwing Logo Negro 3P,52,2026-07-10-v3
LE7539MNMNMN5,G2 37538-M002,Levis (7539)7538-M002 Mid Cut Batwing Logo 3P Mn/Mn/Mn 5,Levis,7539|37538|7538,MN/MN/MN,solid,5,3,37538-M002|7538-M002|907538-M002,MATCH_ALTO,alta,120,B_model+variant_code+talle+pack+color_logo_vs_solid+color_tok_1+marca+jaccard_0.50,525,37538,37538-M002 T5 Levis Mid Cut Batwing Logo Marino 3P,37538-M002 T40/43,3,5,logo,Terminado,6,526,37538-M001 T5 Levis Mid Cut Batwing Logo Negro 3P,96,1105,7538 T5 Levis Mid Cut Batwing Logo Negro Logo Rojo 1Par,41,2026-07-10-v3
LE7539NENENE5,G1 37538-M001,Levis (7539)7538-M001 Mid Cut Batwing Logo 3P Ne/Ne/Ne 5,Levis,7539|37538|7538,NE/NE/NE,solid,5,3,37538-M001|7538-M001|907538-M001,MATCH_ALTO,alta,120,B_model+variant_code+talle+pack+color_logo_vs_solid+color_tok_1+marca+jaccard_0.50,526,37538,37538-M001 T5 Levis Mid Cut Batwing Logo Negro 3P,37538-M001 T40/43,3,5,logo,Terminado,6,525,37538-M002 T5 Levis Mid Cut Batwing Logo Marino 3P,96,1106,7538 T5 Levis Mid Cut Batwing Logo Marino Logo Rojo 1Par,41,2026-07-10-v3
LE7571BLBL5,B1 37571-M003,Levis 7571-M003 Low Cut Sport Stripe 2P Bl/Bl 5,Levis,7571|37571,BL/BL,solid,5,2,37571-M003|7571-M003|907571-M003,MATCH_ALTO,alta,163,B_model+variant_code+talle+pack+color_solid+marca+jaccard_0.54,527,37571,37571-M003 T5 Levis Low Cut Sport Stripe Blanco 2P,37571-M003 T40/43,2,5,solid,Terminado,2,1108,7571  T5 Levis Low Cut Sport Stripe Blanco Logo Rojo 1Par,29,,,,2026-07-10-v3
LE7862MNMN5,E1 37864-M002,Levis (7862)7864-M002 Reg Cut Wordmark Logo 2P Mn/Mn 5,Levis,7862|37864|7864,MN/MN,solid,5,2,37864-M002|7864-M002|907864-M002,MATCH_ALTO,alta,120,B_model+variant_code+talle+pack+color_logo_vs_solid+color_tok_1+marca+jaccard_0.50,592,37864,37864-M002 T5 Levis Reg Cut Wordmark Logo Marino 2P,37864-M002 T40/43,2,5,logo,Terminado,7,593,37864-M004 T5 Levis Reg Cut Wordmark Logo Ne/M4 2P,95,599,37864-M003 T5 Levis Reg Cut Sport Stripe Blanco 2P,68,2026-07-10-v3
LE7863BLBLBL4,F2 37863-W002,Levis (7861)7863-W002 Low Cut Wordmark Logo 3P Bl/Bl/Bl 4,Levis,7863|37863|7861,BL/BL/BL,solid,4,3,37863-W002|7863-W002|907863-W002,MATCH_ALTO,alta,119,B_model+variant_code+talle+pack+color_logo_vs_solid+color_tok_1+marca+jaccard_0.40,594,37863,37863-W002 T4 Levis Women Low Cut Logo Blanco 3P,37863-W002 T35/39,3,4,logo,Terminado,14,595,37863-W001 T4 Levis Women Low Cut Logo Negro 3P,94,597,37863-M004 T5 Levis Low Cut Wordmark Logo Gt/M4/Bl 3P,54,2026-07-10-v3
LE7863BLBLBL5,A1 37863-M003,Levis 7863-M003 Low Cut Wordmark Logo 3P Bl/Bl/Bl 5,Levis,7863|37863,BL/BL/BL,solid,5,3,37863-M003|7863-M003|907863-M003,MATCH_ALTO,alta,121,B_model+variant_code+talle+pack+color_logo_vs_solid+color_tok_1+marca+jaccard_0.54,596,37863,37863-M003 T5 Levis Low Cut Wordmark Logo Blanco 3P,37863-M003 T40/43,3,5,logo,Terminado,14,597,37863-M004 T5 Levis Low Cut Wordmark Logo Gt/M4/Bl 3P,100,598,37863-M001 T5 Levis Low Cut Wordmark Logo Negro 3P,96,2026-07-10-v3
LE7863GTM4BL5,A2 37863-M004,Levis 7863-M004 Low Cut Wordmark Logo 3P Gt/M4/Bl 5,Levis,7863|37863,GT/M4/BL,mix,5,3,37863-M004|7863-M004|907863-M004,MATCH_ALTO,alta,154,B_model+variant_code+talle+pack+color_logo_as_mix_partial+color_tok_3+marca+jaccard_0.71,597,37863,37863-M004 T5 Levis Low Cut Wordmark Logo Gt/M4/Bl 3P,37863-M004 T40/43,3,5,logo,Terminado,14,596,37863-M003 T5 Levis Low Cut Wordmark Logo Blanco 3P,108,598,37863-M001 T5 Levis Low Cut Wordmark Logo Negro 3P,90,2026-07-10-v3
LE7864BLBL5,D1 37864-M003,Levis 7864-M003 Reg Cut Sport Stripe 2P Bl/Bl 5,Levis,7864|37864,BL/BL,solid,5,2,37864-M003|7864-M003|907864-M003,MATCH_ALTO,alta,163,B_model+variant_code+talle+pack+color_solid+marca+jaccard_0.54,599,37864,37864-M003 T5 Levis Reg Cut Sport Stripe Blanco 2P,37864-M003 T40/43,2,5,solid,Terminado,7,592,37864-M002 T5 Levis Reg Cut Wordmark Logo Marino 2P,93,593,37864-M004 T5 Levis Reg Cut Wordmark Logo Ne/M4 2P,93,2026-07-10-v3
LE7867BLBL4,H2 37867-W002,Levis 7867-W002 Women Low Rise Logo 2P Bl/Bl 4,Levis,7867|37867,BL/BL,solid,4,2,37867-W002|7867-W002|907867-W002,MATCH_ALTO,alta,121,B_model+variant_code+talle+pack+color_logo_vs_solid+color_tok_1+marca+jaccard_0.54,600,37867,37867-W002 T4 Levis Women Low Rise Logo Blanco 2P,37867-W002 T35/39,2,4,logo,Terminado,4,601,37867-W001 T4 Levis Women Low Rise Logo Negro 2P,96,1122,7867 T4 Levis Women Low Rise Logo Negro Logo Gmel 1Par,41,2026-07-10-v3
LE7867NENE4,H1 37867-W001,Levis 7867-W001 Women Low Rise Logo 2P Ne/Ne 4,Levis,7867|37867,NE/NE,solid,4,2,37867-W001|7867-W001|907867-W001,MATCH_ALTO,alta,121,B_model+variant_code+talle+pack+color_logo_vs_solid+color_tok_1+marca+jaccard_0.54,601,37867,37867-W001 T4 Levis Women Low Rise Logo Negro 2P,37867-W001 T35/39,2,4,logo,Terminado,4,600,37867-W002 T4 Levis Women Low Rise Logo Blanco 2P,96,1123,7867 T4 Levis Women Low Rise Logo Blanco Logo Gmel 1Par,41,2026-07-10-v3
PU1015BLBLBL4,n99-906978/07,Puma 6978-07 Quarter 3P Bl/Bl/Bl 4,Puma,1015|906978|6978,BL/BL/BL,solid,4,3,6978-07|906978-07,MATCH_ALTO,alta,160,B_model+variant_code+talle+pack+color_solid+marca,11,906978,906978-07 T4 Puma Unisex Quarter Plain Blanco 3P,906978-07 T110,3,4,solid,Terminado,35,9,906978-13 T4 Puma Unisex Quarter Plain Bl/Gm/Mn 3P,124,10,906978-21 T4 Puma Unisex Quarter Plain Bl/Ne/Gm 3P,124,2026-07-10-v3
PU1015BLGMMN4,o4-906978/13,Puma 6978-13 Quarter 3P Bl/Gm/Mn 4,Puma,1015|906978|6978,BL/GM/MN,mix,4,3,6978-13|906978-13,MATCH_ALTO,alta,132,B_model+variant_code+talle+pack+color_solid_partial_mix+color_tok_3+marca+jaccard_0.54,9,906978,906978-13 T4 Puma Unisex Quarter Plain Bl/Gm/Mn 3P,906978-13 T110,3,4,solid,Terminado,35,10,906978-21 T4 Puma Unisex Quarter Plain Bl/Ne/Gm 3P,91,11,906978-07 T4 Puma Unisex Quarter Plain Blanco 3P,86,2026-07-10-v3
PU1015BLNEGM4,o0-906978/21,Puma 6978-21 Quarter 3P Bl/Ne/Gm 4,Puma,1015|906978|6978,BL/NE/GM,mix,4,3,6978-21|906978-21,MATCH_ALTO,alta,132,B_model+variant_code+talle+pack+color_solid_partial_mix+color_tok_3+marca+jaccard_0.54,10,906978,906978-21 T4 Puma Unisex Quarter Plain Bl/Ne/Gm 3P,906978-21 T110,3,4,solid,Terminado,35,9,906978-13 T4 Puma Unisex Quarter Plain Bl/Gm/Mn 3P,91,14,906978-21 T5 Puma Unisex Quarter Plain Bl/Ne/Gm 3P,87,2026-07-10-v3
PU1015NENENE4,o0-906978/03,Puma 6978-03 Quarter 3P Ne/Ne/Ne 4,Puma,1015|906978|6978,NE/NE/NE,solid,4,3,6978-03|906978-03,MATCH_ALTO,alta,160,B_model+variant_code+talle+pack+color_solid+marca,12,906978,906978-03 T4 Puma Unisex Quarter Plain Negro 3P,906978-03 T110,3,4,solid,Terminado,35,17,906978-03 T5 Puma Unisex Quarter Plain Negro 3P,115,10,906978-21 T4 Puma Unisex Quarter Plain Bl/Ne/Gm 3P,72,2026-07-10-v3
PU1015RSBLGM4,o4-906978/08,Puma 6978-08 Quarter 3P Rs/Bl/Gm 4,Puma,1015|906978|6978,RS/BL/GM,mix,4,3,6978-08|906978-08,MATCH_ALTO,alta,132,B_model+variant_code+talle+pack+color_solid_partial_mix+color_tok_3+marca+jaccard_0.54,13,906978,906978-08 T4 Puma Unisex Quarter Plain Rs/Bl/Gm 3P,906978-08 T110,3,4,solid,Terminado,35,9,906978-13 T4 Puma Unisex Quarter Plain Bl/Gm/Mn 3P,91,10,906978-21 T4 Puma Unisex Quarter Plain Bl/Ne/Gm 3P,91,2026-07-10-v3
PU1025BLBLBL4,o5-906807/03,Puma 6807-03 Inv. Sneaker 3P Bl/Bl/Bl 4,Puma,1025|906807|6807,BL/BL/BL,solid,4,3,6807-03|906807-03,MATCH_ALTO,alta,160,B_model+variant_code+talle+pack+color_solid+marca,23,906807,906807-03 T5 Puma Invisible Sneaker Blanco 3P,906807-03 T110,3,4,solid,Terminado,49,22,906807-15 T4 Puma Invisible Sneaker Bl/Ne/Gm 3P,124,36,906807-03 T5 Puma Invisible Sneaker Blanco 3P,115,2026-07-10-v3
PU1025BLNEGM4,o7-906807/15,Puma 6807-15 Inv. Sneaker 3P Bl/Ne/Gm 4,Puma,1025|906807|6807,BL/NE/GM,mix,4,3,6807-15|906807-15,MATCH_ALTO,alta,132,B_model+variant_code+talle+pack+color_solid_partial_mix+color_tok_3+marca+jaccard_0.54,22,906807,906807-15 T4 Puma Invisible Sneaker Bl/Ne/Gm 3P,906807-15 T110,3,4,solid,Terminado,49,30,906807-79 T4 Puma Invisible Sneaker Blanco Logo Tu/Ve/Vi 3P,90,35,906807-15 T5 Puma Invisible Sneaker Bl/Ne/Gm 3P,87,2026-07-10-v3
PU1025FUGMM44,p14-906807-12,Puma 6807-12 Inv. Sneaker 3P Fu/Gm/M4 4,Puma,1025|906807|6807,FU/GM/M4,mix,4,3,6807-12|906807-12,MATCH_ALTO,alta,132,B_model+variant_code+talle+pack+color_solid_partial_mix+color_tok_3+marca+jaccard_0.54,24,906807,906807-12 T4 Puma Invisible Sneaker Fu/Gm/M4 3P,906807-12 T110,3,4,solid,Terminado,49,30,906807-79 T4 Puma Invisible Sneaker Blanco Logo Tu/Ve/Vi 3P,87,25,906807-14 T4 Puma Invisible Sneaker Gt/Gm/M4 3P,81,2026-07-10-v3
PU1025GTGMM44,p9-906807-14,Puma 6807-14 Puma Inv. Sneaker 3P Gt/Gm/M4 4,Puma,1025|906807|6807,GT/GM/M4,mix,4,3,6807-14|906807-14,MATCH_ALTO,alta,132,B_model+variant_code+talle+pack+color_solid_partial_mix+color_tok_3+marca+jaccard_0.54,25,906807,906807-14 T4 Puma Invisible Sneaker Gt/Gm/M4 3P,906807-14 T110,3,4,solid,Terminado,49,30,906807-79 T4 Puma Invisible Sneaker Blanco Logo Tu/Ve/Vi 3P,87,37,906807-14 T5 Puma Invisible Sneaker Gt/Gm/M4 3P,87,2026-07-10-v3
PU1025GTGMM45,p9-906807-14,Puma 6807-14 Puma Inv. Sneaker 3P Gt/Gm/M4 5,Puma,1025|906807|6807,GT/GM/M4,mix,5,3,6807-14|906807-14,MATCH_ALTO,alta,132,B_model+variant_code+talle+pack+color_solid_partial_mix+color_tok_3+marca+jaccard_0.54,37,906807,906807-14 T5 Puma Invisible Sneaker Gt/Gm/M4 3P,906807-14 T120,3,5,solid,Terminado,49,25,906807-14 T4 Puma Invisible Sneaker Gt/Gm/M4 3P,87,39,906807-79 T5 Puma Invisible Sneaker Blanco Logo Tu/Ve/Vi 3P,87,2026-07-10-v3
PU1025NENENE4,o6-906807/01,Puma 6807-01 Inv. Sneaker 3P Ne/Ne/Ne 4,Puma,1025|906807|6807,NE/NE/NE,solid,4,3,6807-01|906807-01,MATCH_ALTO,alta,160,B_model+variant_code+talle+pack+color_solid+marca,27,906807,906807-01 T4 Puma Invisible Sneaker Negro 3P,906807-01 T110,3,4,solid,Terminado,49,38,906807-01 T5 Puma Invisible Sneaker Negro 3P,115,30,906807-79 T4 Puma Invisible Sneaker Blanco Logo Tu/Ve/Vi 3P,92,2026-07-10-v3
PU1025RSBLGM4,p13-906807/20,Puma 6807-20 Inv. Sneaker 3P Rs/Bl/Gm 4,Puma,1025|906807|6807,RS/BL/GM,mix,4,3,6807-20|906807-20,MATCH_ALTO,alta,132,B_model+variant_code+talle+pack+color_solid_partial_mix+color_tok_3+marca+jaccard_0.54,28,906807,906807-20 T4 Puma Invisible Sneaker Rs/Bl/Gm 3P,906807-20 T110,3,4,solid,Terminado,49,22,906807-15 T4 Puma Invisible Sneaker Bl/Ne/Gm 3P,91,30,906807-79 T4 Puma Invisible Sneaker Blanco Logo Tu/Ve/Vi 3P,90,2026-07-10-v3
PU1025TUVEVI4,p5-906807-79,Puma 6807-79 Inv. Sneaker 3P Tu/Ve/Vi 4,Puma,1025|906807|6807,VE,solid,4,3,6807-79|906807-79,MATCH_ALTO,alta,135,B_model+variant_code+talle+pack+color_tok_1+marca+jaccard_0.47,30,906807,906807-79 T4 Puma Invisible Sneaker Blanco Logo Tu/Ve/Vi 3P,906807-79 T110,3,4,logo,Terminado,49,39,906807-79 T5 Puma Invisible Sneaker Blanco Logo Tu/Ve/Vi 3P,90,23,906807-03 T5 Puma Invisible Sneaker Blanco 3P,68,2026-07-10-v3
PU1025TUVEVI5,p5-906807-79,Puma 6807-79 Inv. Sneaker 3P Tu/Ve/Vi 5,Puma,1025|906807|6807,VE,solid,5,3,6807-79|906807-79,MATCH_ALTO,alta,135,B_model+variant_code+talle+pack+color_tok_1+marca+jaccard_0.47,39,906807,906807-79 T5 Puma Invisible Sneaker Blanco Logo Tu/Ve/Vi 3P,906807-79 T120,3,5,logo,Terminado,49,30,906807-79 T4 Puma Invisible Sneaker Blanco Logo Tu/Ve/Vi 3P,90,36,906807-03 T5 Puma Invisible Sneaker Blanco 3P,68,2026-07-10-v3
PU1315NENE3,b3-1315-892570/04,PUMA 2570-04 Kids inv. Sneakers 2P Ne/Ne 3,Puma,1315|2570,NE/NE,solid,3,2,2570-04|902570-04,MATCH_ALTO,alta,160,B_model+variant_code+talle+pack+color_solid+marca,42,1315,892570-04 T3 Puma Kids invisible Sneakers Negro 2P,,2,3,solid,Terminado,2,811,2570 T3 Puma Kids Invisible.Sneakers Negro Logo Blanco 1Par,27,,,,2026-07-10-v3
PU2392AZAZ3,d1-2392-907959/04,Puma 7959-04 Separate Tees Az/Az 3,Puma,2392|7959,AZ/AZ,solid,3,2,7959-04|907959-04,MATCH_ALTO,alta,112,B_model+variant_code+talle_diff+pack+color_solid+marca,122,907959,907959-04 T3 Puma Easy Rider Junior Azul 2P,907959-04 T110,2,4,solid,Fabricado,6,992,7959 T3 Puma Easy Rider Junior Blanco Logo Negro 1Par,37,993,7959 T3 Puma Easy Rider Junior Negro Logo Blanco 1Par,37,2026-07-10-v3
PU2392BLBL3,d1-2392-907959/02,Puma 7959-02 Separate Tees Bl/Bl 3,Puma,2392|7959,BL/BL,solid,3,2,7959-02|907959-02,MATCH_ALTO,alta,112,B_model+variant_code+talle_diff+pack+color_solid+marca,123,907959,907959-02 T3 Puma Easy Rider Junior Blanco 2P,907959-02 T110,2,4,solid,Fabricado,6,993,7959 T3 Puma Easy Rider Junior Negro Logo Blanco 1Par,40,991,7959 T3 Puma Easy Rider Junior Azul Logo Celeste 1Par,37,2026-07-10-v3
PU2392NENE3,d1-2392-907959/01,Puma 7959-01 Puma Easy Rider JR Ne/Ne 3,Puma,2392|7959,NE/NE,solid,3,2,7959-01|907959-01,MATCH_ALTO,alta,114,B_model+variant_code+talle_diff+pack+color_solid+marca,124,907959,907959-01 T3 Puma Easy Rider Junior Negro 2P,907959-01 T110,2,4,solid,Fabricado,6,992,7959 T3 Puma Easy Rider Junior Blanco Logo Negro 1Par,42,991,7959 T3 Puma Easy Rider Junior Azul Logo Celeste 1Par,39,2026-07-10-v3
PU3765BLBLGM5,r1-883765/03,PUMA 3765-03 Lifestyle Sock 3P Bl/Bl/Gm 5,Puma,3765|883765,BL/BL/GM,mix,5,3,3765-03|903765-03,MATCH_ALTO,alta,129,B_model+variant_code+talle+pack+color_solid_partial_mix+color_tok_2+marca+jaccard_0.55,201,883765,883765-03 T5 Puma Lifestyle Bl/Bl/Gm 3P,883765-03 T120,3,5,solid,Terminado,6,202,883765-02 T5 Puma Lifestyle Ne/Ne/Gm 3P,77,1369,883765-00 T5 Puma Lifestyle Su/Su/Su 3P 2da,73,2026-07-10-v3
PU3765NENEGM5,r1-883765/02,PUMA 3765-02 Lifestyle Sock 3P Ne/Ne/Gm 5,Puma,3765|883765,NE/NE/GM,mix,5,3,3765-02|903765-02,MATCH_ALTO,alta,129,B_model+variant_code+talle+pack+color_solid_partial_mix+color_tok_2+marca+jaccard_0.55,202,883765,883765-02 T5 Puma Lifestyle Ne/Ne/Gm 3P,883765-02 T120,3,5,solid,Terminado,6,201,883765-03 T5 Puma Lifestyle Bl/Bl/Gm 3P,77,1369,883765-00 T5 Puma Lifestyle Su/Su/Su 3P 2da,73,2026-07-10-v3
PU4491BLBLBL3,w1-907958-02,Puma 7958-02 Sport Junior T:4 3P Bl/Bl/Bl 3,Puma,4491|907958|7958,BL/BL/BL,solid,3,3,7958-02|907958-02,MATCH_ALTO,alta,115,B_model+variant_code+talle_diff+pack+color_solid+marca,213,907958,907958-02 T4 Puma Sport Junior Blanco 3P,907958-02 T120,3,5,solid,Terminado,8,215,907958-01 T4 Puma Sport Junior Negro 3P,24,214,907958-04 T4 Puma Sport Junior Fr/Ce/Mn 3P,23,2026-07-10-v3
PU4491NENENE3,w1-907958-01,Puma 7958-01 Sport Junior T:4 3P Ne/Ne/Ne 3,Puma,4491|907958|7958,NE/NE/NE,solid,3,3,7958-01|907958-01,MATCH_ALTO,alta,115,B_model+variant_code+talle_diff+pack+color_solid+marca,215,907958,907958-01 T4 Puma Sport Junior Negro 3P,907958-01 T120,3,5,solid,Terminado,8,213,907958-02 T4 Puma Sport Junior Blanco 3P,24,214,907958-04 T4 Puma Sport Junior Fr/Ce/Mn 3P,23,2026-07-10-v3
PU504BLBLBL5,p1-906807/03,PUMA 6807-03 Inv. Sneakers 3P Bl/Bl/Bl 5,Puma,504|906807|6807,BL/BL/BL,solid,5,3,6807-03|906807-03,MATCH_ALTO,alta,158,B_model+variant_code+talle+pack+color_solid+marca,36,906807,906807-03 T5 Puma Invisible Sneaker Blanco 3P,906807-03 T120,3,5,solid,Terminado,42,35,906807-15 T5 Puma Invisible Sneaker Bl/Ne/Gm 3P,123,23,906807-03 T5 Puma Invisible Sneaker Blanco 3P,113,2026-07-10-v3
PU504BLNEGM5,p1-906807/15,PUMA 6807-15 Inv. Sneakers 3P Bl/Ne/Gm 5,Puma,504|906807|6807,BL/NE/GM,mix,5,3,6807-15|906807-15,MATCH_ALTO,alta,130,B_model+variant_code+talle+pack+color_solid_partial_mix+color_tok_3+marca+jaccard_0.43,35,906807,906807-15 T5 Puma Invisible Sneaker Bl/Ne/Gm 3P,906807-15 T120,3,5,solid,Terminado,42,39,906807-79 T5 Puma Invisible Sneaker Blanco Logo Tu/Ve/Vi 3P,89,22,906807-15 T4 Puma Invisible Sneaker Bl/Ne/Gm 3P,85,2026-07-10-v3
PU504NENENE5,p1-906807/01,PUMA 6807-01 Inv. Sneakers 3P Ne/Ne/Ne 5,Puma,504|906807|6807,NE/NE/NE,solid,5,3,6807-01|906807-01,MATCH_ALTO,alta,158,B_model+variant_code+talle+pack+color_solid+marca,38,906807,906807-01 T5 Puma Invisible Sneaker Negro 3P,906807-01 T120,3,5,solid,Terminado,42,27,906807-01 T4 Puma Invisible Sneaker Negro 3P,113,39,906807-79 T5 Puma Invisible Sneaker Blanco Logo Tu/Ve/Vi 3P,91,2026-07-10-v3
PU5476BLBL4,z13-935476-01,Puma 5476-01 Sport Light Sneaker x2 Bl/Bl 4,Puma,5476|935476,BL/BL,solid,4,2,5476-01|905476-01|935476-01,MATCH_ALTO,alta,160,B_model+variant_code+talle+pack+color_solid+marca,282,935476,935476-01 T4 Puma Sport Light Sneaker Blanco 2P,935476-01 T110,2,4,solid,Terminado,14,286,935476-01 T5 Puma Sport Light Sneaker Blanco 2P,115,283,935476-05 T4 Puma Sport Light Sneaker Coral 2P,94,2026-07-10-v3
PU5476BLBL5,z14-935476-01,Puma 5476-01 Sport Light Sneaker x2 Bl/Bl 5,Puma,5476|935476,BL/BL,solid,5,2,5476-01|905476-01|935476-01,MATCH_ALTO,alta,160,B_model+variant_code+talle+pack+color_solid+marca,286,935476,935476-01 T5 Puma Sport Light Sneaker Blanco 2P,935476-01 T120,2,5,solid,Terminado,14,282,935476-01 T4 Puma Sport Light Sneaker Blanco 2P,115,285,935476-04 T5 Puma Sport Light Sneaker Francia 2P,94,2026-07-10-v3
PU5476NENE4,z13-935476-02,Puma 5476-02 Sport Light Sneaker x2 Ne/Ne 4,Puma,5476|935476,NE/NE,solid,4,2,5476-02|905476-02|935476-02,MATCH_ALTO,alta,160,B_model+variant_code+talle+pack+color_solid+marca,284,935476,935476-02 T4 Puma Sport Light Sneaker Negro 2P,935476-02 T110,2,4,solid,Terminado,14,288,935476-02 T5 Puma Sport Light Sneaker Negro 2p,115,283,935476-05 T4 Puma Sport Light Sneaker Coral 2P,94,2026-07-10-v3
PU5476NENE5,z14-935476-02,Puma 5476-02 Sport Light Sneaker x2 Ne/Ne 5,Puma,5476|935476,NE/NE,solid,5,2,5476-02|905476-02|935476-02,MATCH_ALTO,alta,160,B_model+variant_code+talle+pack+color_solid+marca,288,935476,935476-02 T5 Puma Sport Light Sneaker Negro 2p,935476-02 T120,2,5,solid,Terminado,14,284,935476-02 T4 Puma Sport Light Sneaker Negro 2P,115,285,935476-04 T5 Puma Sport Light Sneaker Francia 2P,94,2026-07-10-v3
PU5478CEBL1,a1-935478-01,Puma 5478-01 Baby Mini Cats Ce/Bl 1,Puma,5478|935478,BL,solid,1,2,5478-01|905478-01|935478-01,MATCH_ALTO,alta,163,B_model+variant_code+talle+pack+color_solid+marca+jaccard_0.54,289,935478,935478-01 T1 Puma Baby Mini Cats Lifestyle Ce/Bl 2P,935478-01 T100,2,1,solid,Terminado,7,290,935478-02 T1 Puma Baby Mini Cats Lifestyle Rs/Bl 2P,73,1370,935478-00 T1 Puma Baby Mini Cats Lifestyle Su/Su 2P 2da,68,2026-07-10-v3
PU595BLBLBL5,q1-7312-892574/01,PUMA 6110-01 Sport 3P Bl/Bl/Bl 5,Puma,595|7312|6110,BL/BL/BL,solid,5,3,6110-01|906110-01,MATCH_ALTO,alta,161,B_model+variant_code+talle+pack+color_solid+marca+jaccard_0.40,488,906110,906110-01 T5 Puma Sport Blanco 3P,906110-01 T120,3,5,solid,Terminado,5,353,906110-03 T3 Puma Kids Short Crew Bl/Gr/Ne 3P,78,875,6110 T3 Puma Kids Short Crew Negro Logo Blanco 1Par,-5,2026-07-10-v3
PU6245NENE4,n7-906245/01,Puma 6245-01 Footie 2P Ne/Ne 4,Puma,6245|906245,NE/NE,solid,4,2,6245-01|906245-01,MATCH_ALTO,alta,161,B_model+variant_code+talle+pack+color_solid+marca+jaccard_0.40,358,906245,906245-01 T4 Puma Footie Negro 2P,906245-01 T110,2,4,solid,Fabricado,13,364,906245-01 T5 Puma Footie Negro 2P,116,355,906245-02 T4 Puma Footie Blanco 2P,69,2026-07-10-v3
PU6800BLBL4,k69-906800/02,Puma 6800-02 Cushioned Sneaker Px2 Bl/Bl 4,Puma,6800|906800,BL/BL,solid,4,2,6800-02|906800-02,MATCH_ALTO,alta,160,B_model+variant_code+talle+pack+color_solid+marca,407,906800,906800-02 T4 Puma Cushioned Sneaker Blanco 2P,906800-02 T110,2,4,solid,Terminado,9,409,906800-02 T5 Puma Cushioned Sneaker Blanco 2P,115,408,906800-01 T4 Puma Cushioned Sneaker Negro 2P,68,2026-07-10-v3
PU6800BLBL5,k6-906800/02,Puma 6800-02 Cushioned Sneaker Px2 Bl/Bl 5,Puma,6800|906800,BL/BL,solid,5,2,6800-02|906800-02,MATCH_ALTO,alta,160,B_model+variant_code+talle+pack+color_solid+marca,409,906800,906800-02 T5 Puma Cushioned Sneaker Blanco 2P,906800-02 T120,2,5,solid,Terminado,9,407,906800-02 T4 Puma Cushioned Sneaker Blanco 2P,115,410,906800-01 T5 Puma Cushioned Sneaker Negro 2P,68,2026-07-10-v3
PU6800NENE4,k6-906800/01,Puma 6800-01 Cushioned Sneaker Px2 Ne/Ne 4,Puma,6800|906800,NE/NE,solid,4,2,6800-01|906800-01,MATCH_ALTO,alta,160,B_model+variant_code+talle+pack+color_solid+marca,408,906800,906800-01 T4 Puma Cushioned Sneaker Negro 2P,906800-01 T110,2,4,solid,Terminado,9,410,906800-01 T5 Puma Cushioned Sneaker Negro 2P,115,407,906800-02 T4 Puma Cushioned Sneaker Blanco 2P,68,2026-07-10-v3
PU6800NENE5,k69-906800/01,Puma 6800-01 Cushioned Sneaker Px2 Ne/Ne 5,Puma,6800|906800,NE/NE,solid,5,2,6800-01|906800-01,MATCH_ALTO,alta,160,B_model+variant_code+talle+pack+color_solid+marca,410,906800,906800-01 T5 Puma Cushioned Sneaker Negro 2P,906800-01 T120,2,5,solid,Terminado,9,408,906800-01 T4 Puma Cushioned Sneaker Negro 2P,115,409,906800-02 T5 Puma Cushioned Sneaker Blanco 2P,68,2026-07-10-v3
PU681BLBLBL5,o1-906978/07,PUMA 6978-07 Quarter 3P  Bl/Bl/Bl 5,Puma,681|906978|6978,BL/BL/BL,solid,5,3,6978-07|906978-07,MATCH_ALTO,alta,160,B_model+variant_code+talle+pack+color_solid+marca,15,906978,906978-07 T5 Puma Unisex Quarter Plain Blanco 3P,906978-07 T120,3,5,solid,Terminado,29,14,906978-21 T5 Puma Unisex Quarter Plain Bl/Ne/Gm 3P,124,11,906978-07 T4 Puma Unisex Quarter Plain Blanco 3P,115,2026-07-10-v3
PU681BLNEGM5,o2-906978/21,PUMA 6978-21 Quarter 3P Bl/Ne/Gm 5,Puma,681|906978|6978,BL/NE/GM,mix,5,3,6978-21|906978-21,MATCH_ALTO,alta,132,B_model+variant_code+talle+pack+color_solid_partial_mix+color_tok_3+marca+jaccard_0.54,14,906978,906978-21 T5 Puma Unisex Quarter Plain Bl/Ne/Gm 3P,906978-21 T120,3,5,solid,Terminado,29,10,906978-21 T4 Puma Unisex Quarter Plain Bl/Ne/Gm 3P,87,15,906978-07 T5 Puma Unisex Quarter Plain Blanco 3P,86,2026-07-10-v3
PU681NENENE5,o2-906978/03,PUMA 6978-03 Quarter 3P  Ne/Ne/Ne 5,Puma,681|906978|6978,NE/NE/NE,solid,5,3,6978-03|906978-03,MATCH_ALTO,alta,160,B_model+variant_code+talle+pack+color_solid+marca,17,906978,906978-03 T5 Puma Unisex Quarter Plain Negro 3P,906978-03 T120,3,5,solid,Terminado,29,12,906978-03 T4 Puma Unisex Quarter Plain Negro 3P,115,14,906978-21 T5 Puma Unisex Quarter Plain Bl/Ne/Gm 3P,72,2026-07-10-v3
PU6930BLBLBL4,l3-906930/02,Puma 6930-02 Footie P3 Bl/Bl/Bl 4,Puma,6930|906930,BL/BL/BL,solid,4,3,6930-02|906930-02,MATCH_ALTO,alta,159,B_model+variant_code+talle+pack+color_solid+marca,423,906930,906930-02 T4 Puma Footie Blanco 3P,906930-02 T110,3,4,solid,Terminado,4,426,906930-02 T5 Puma Footie Blanco 3P,114,425,906930-01 T4 Puma Footie Negro 3P,67,2026-07-10-v3
PU6930NENENE4,l3-906930/01,Puma 6930-01 Footie P3 Ne/Ne/Ne 4,Puma,6930|906930,NE/NE/NE,solid,4,3,6930-01|906930-01,MATCH_ALTO,alta,159,B_model+variant_code+talle+pack+color_solid+marca,425,906930,906930-01 T4 Puma Footie Negro 3P,906930-01 T110,3,4,solid,Terminado,4,428,906930-01 T5 Puma Footie Negro 3P,114,423,906930-02 T4 Puma Footie Blanco 3P,67,2026-07-10-v3
PU7375NENENE3,PU7375,Puma 7375-02 Kids Quarter 3P Ne/Ne/Ne 3,Puma,7375,NE/NE/NE,solid,3,3,7375-02|907375-02,MATCH_ALTO,alta,116,B_model+variant_code+talle_diff+pack+color_solid+marca+jaccard_0.45,508,907375,907375-02 T2 Puma Kids Quarter Negro 3P,907375-02 T110,3,4,solid,Terminado,12,511,907375-02 T3Kids Quarter 3P 003 Negro 3P,108,947,7375 T3 Puma Kids Quarter Blanco Logo Negro 1Par,42,2026-07-10-v3
PU7563CRBEMA5,d3-947563-01,Puma 7563-01 Unisex Logo Crew Sock 3P Cr/Be/Ma 5,Puma,7563|947563,CR/BE/MA,mix,5,3,7563-01|907563-01|947563-01,MATCH_ALTO,alta,145,B_model+variant_code+talle+pack+color_logo_as_mix_partial+color_tok_1+marca+jaccard_0.47,1232,947563,947563-01 T5 Puma Unisex Logo Crew Sock Marron 3P,947563-01 T120,3,5,logo,Terminado,10,1234,947563-03 T5 Puma Unisex Logo Crew Sock Verde 3P,90,1240,947563-02 T5 Puma Unisex Logo Crew Sock Blanco 3P,90,2026-07-10-v3
PU7563VECENE5,d3-947563-03,Puma 7563-03 Unisex Logo Crew Sock 3P Ve/Ce/Ne 5,Puma,7563|947563,VE/NE,mix,5,3,7563-03|907563-03|947563-03,MATCH_ALTO,alta,145,B_model+variant_code+talle+pack+color_logo_as_mix_partial+color_tok_1+marca+jaccard_0.47,1234,947563,947563-03 T5 Puma Unisex Logo Crew Sock Verde 3P,947563-03 T120,3,5,logo,Terminado,10,1232,947563-01 T5 Puma Unisex Logo Crew Sock Marron 3P,90,1240,947563-02 T5 Puma Unisex Logo Crew Sock Blanco 3P,90,2026-07-10-v3
PU7575BLBL3,c3-947575-01,Puma 7575-01 Kids Square Logo Quarter 2P Bl/Bl 3,Puma,7575|947575,BL/BL,solid,3,2,7575-01|907575-01|947575-01,MATCH_ALTO,alta,121,B_model+variant_code+talle+pack+color_logo_vs_solid+color_tok_1+marca+jaccard_0.54,1222,947575,947575-01 T3 Puma Kids Square Logo Quarter Blanco 2P,947575-01 T100,2,3,logo,Terminado,3,1374,947575-00 T3 Puma Kids Square Logo Quarter Su/Su 2P,96,1223,7575 T3 Puma Kids Square Logo Quarter Blanco Logo Rosa Fluor 1Par,29,2026-07-10-v3
PU7576BLBL3,c4-947576-01,Puma 7576-01 Kids Logo Block Quarter 2P Bl/Bl 3,Puma,7576|947576,BL/BL,solid,3,2,7576-01|907576-01|947576-01,MATCH_ALTO,alta,121,B_model+variant_code+talle+pack+color_logo_vs_solid+color_tok_1+marca+jaccard_0.54,1224,947576,947576-01 T3 Puma Kids Logo Block Quarter Blanco 2P,947576-01 T100,2,3,logo,Terminado,3,1375,947576-00 T3 Puma Kids Logo Block Quarter Su/Su 2P,96,1225,7576 T3 Puma Kids Logo Block Quarter Blanco Logo Negro 1Par,29,2026-07-10-v3
PU7940BLBLBL5,r15-907940-02,Puma 7940-02 Crew Sock Light Bl/Bl/Bl 5,Puma,7940|907940,BL/BL/BL,solid,5,3,7940-02|907940-02,MATCH_ALTO,alta,161,B_model+variant_code+talle+pack+color_solid+marca+jaccard_0.45,604,907940,907940-02 Puma Crew Sock Light Blanco 3P,907940-02 T120,3,5,solid,Terminado,9,603,907940-03 Puma Crew Sock Light Bl/Gm/Ne 3P,125,606,907940-01 Puma Crew Sock Light Negro 3P,70,2026-07-10-v3
PU7940BLGMNE5,r15-907940-03,Puma 7940-03 Crew Sock Light Bl/Gm/Ne 5,Puma,7940|907940,BL/GM/NE,mix,5,3,7940-03|907940-03,MATCH_ALTO,alta,134,B_model+variant_code+talle+pack+color_solid_partial_mix+color_tok_3+marca+jaccard_0.67,603,907940,907940-03 Puma Crew Sock Light Bl/Gm/Ne 3P,907940-03 T120,3,5,solid,Terminado,9,604,907940-02 Puma Crew Sock Light Blanco 3P,87,606,907940-01 Puma Crew Sock Light Negro 3P,87,2026-07-10-v3
PU7940NENENE5,r15-907940-01,Puma 7940-01 Crew Sock Light Ne/Ne/Ne 5,Puma,7940|907940,NE/NE/NE,solid,5,3,7940-01|907940-01,MATCH_ALTO,alta,161,B_model+variant_code+talle+pack+color_solid+marca+jaccard_0.45,606,907940,907940-01 Puma Crew Sock Light Negro 3P,907940-01 T120,3,5,solid,Terminado,9,603,907940-03 Puma Crew Sock Light Bl/Gm/Ne 3P,73,604,907940-02 Puma Crew Sock Light Blanco 3P,70,2026-07-10-v3
PU7942BLBLBL4,r11-907942-02,Puma 7942-02 Cushioned Sneaker 3P Bl/Bl/Bl 4,Puma,7942|907942,BL/BL/BL,solid,4,3,7942-02|907942-02,MATCH_ALTO,alta,161,B_model+variant_code+talle+pack+color_solid+marca+jaccard_0.45,607,907942,907942-02 T4 Puma Cushioned Sneaker Blanco 3P,907942-02 T110,3,4,solid,Terminado,8,609,907942-02 T5 Puma Cushioned Sneaker Blanco 3P,116,610,907942-01 T4 Puma Cushioned Sneaker Negro 3P,70,2026-07-10-v3
PU7942BLBLBL5,r11-907942-02,Puma 7942-02 Cushioned Sneaker 3P Bl/Bl/Bl 5,Puma,7942|907942,BL/BL/BL,solid,5,3,7942-02|907942-02,MATCH_ALTO,alta,161,B_model+variant_code+talle+pack+color_solid+marca+jaccard_0.45,609,907942,907942-02 T5 Puma Cushioned Sneaker Blanco 3P,907942-02 T120,3,5,solid,Terminado,8,607,907942-02 T4 Puma Cushioned Sneaker Blanco 3P,116,608,907942-01 T5 Puma Cushioned Sneaker Negro 3P,70,2026-07-10-v3
PU7942NENENE4,r11-907942-01,Puma 7942-01 Cushioned Sneaker 3P Ne/Ne/Ne 4,Puma,7942|907942,NE/NE/NE,solid,4,3,7942-01|907942-01,MATCH_ALTO,alta,161,B_model+variant_code+talle+pack+color_solid+marca+jaccard_0.45,610,907942,907942-01 T4 Puma Cushioned Sneaker Negro 3P,907942-01 T110,3,4,solid,Terminado,8,608,907942-01 T5 Puma Cushioned Sneaker Negro 3P,116,607,907942-02 T4 Puma Cushioned Sneaker Blanco 3P,70,2026-07-10-v3
PU7942NENENE5,r11-907942-01,Puma 7942-01 Cushioned Sneaker 3P Ne/Ne/Ne 5,Puma,7942|907942,NE/NE/NE,solid,5,3,7942-01|907942-01,MATCH_ALTO,alta,161,B_model+variant_code+talle+pack+color_solid+marca+jaccard_0.45,608,907942,907942-01 T5 Puma Cushioned Sneaker Negro 3P,907942-01 T120,3,5,solid,Terminado,8,610,907942-01 T4 Puma Cushioned Sneaker Negro 3P,116,609,907942-02 T5 Puma Cushioned Sneaker Blanco 3P,70,2026-07-10-v3
PU7943BLBLBL4,r11-907943-02,Puma 7943-02 Cushioned Quarter 3P Bl/Bl/Bl 4,Puma,7943|907943,BL/BL/BL,solid,4,3,7943-02|907943-02,MATCH_ALTO,alta,161,B_model+variant_code+talle+pack+color_solid+marca+jaccard_0.45,611,907943,907943-02 T4 Puma Cushioned Quarter Blanco 3P,907943-02 T110,3,4,solid,Terminado,8,613,907943-02 T5 Puma Cushioned Quarter Blanco 3P,116,612,907943-01 T4 Puma Cushioned Quarter Negro 3P,70,2026-07-10-v3
PU7943BLBLBL5,r11-907943-02,Puma 7943-02 Cushioned Quarter 3P Bl/Bl/Bl 5,Puma,7943|907943,BL/BL/BL,solid,5,3,7943-02|907943-02,MATCH_ALTO,alta,161,B_model+variant_code+talle+pack+color_solid+marca+jaccard_0.45,613,907943,907943-02 T5 Puma Cushioned Quarter Blanco 3P,907943-02 T120,3,5,solid,Terminado,8,611,907943-02 T4 Puma Cushioned Quarter Blanco 3P,116,614,907943-01 T5 Puma Cushioned Quarter Negro 3P,70,2026-07-10-v3
PU7943NENENE4,r11-907943-01,Puma 7943-01 Cushioned Quarter 3P Ne/Ne/Ne 4,Puma,7943|907943,NE/NE/NE,solid,4,3,7943-01|907943-01,MATCH_ALTO,alta,161,B_model+variant_code+talle+pack+color_solid+marca+jaccard_0.45,612,907943,907943-01 T4 Puma Cushioned Quarter Negro 3P,907943-01 T110,3,4,solid,Terminado,8,614,907943-01 T5 Puma Cushioned Quarter Negro 3P,116,611,907943-02 T4 Puma Cushioned Quarter Blanco 3P,70,2026-07-10-v3
PU7943NENENE5,r11907943-01,Puma 7943-01 Cushioned Quarter 3P Ne/Ne/Ne 5,Puma,7943|119079,NE/NE/NE,solid,5,3,7943-01|907943-01,MATCH_ALTO,alta,161,B_model+variant_code+talle+pack+color_solid+marca+jaccard_0.45,614,907943,907943-01 T5 Puma Cushioned Quarter Negro 3P,907943-01 T120,3,5,solid,Terminado,8,612,907943-01 T4 Puma Cushioned Quarter Negro 3P,116,613,907943-02 T5 Puma Cushioned Quarter Blanco 3P,70,2026-07-10-v3
PU7944BLBL5,e3-907944-02,Puma 7944-02 Crew Heritage 2P Bl/Bl 5,Puma,7944|907944,BL/BL,solid,5,2,7944-02|907944-02,MATCH_ALTO,alta,161,B_model+variant_code+talle+pack+color_solid+marca+jaccard_0.42,615,7944,907944-02 T5 Puma Crew Heritage Stripe Blanco 2P,,2,5,solid,Terminado,7,616,907944-03 T5 Puma Crew Heritage Stripe Blanco Logo Mno 2P,82,618,907944-01 T5 Puma Crew Heritage Stripe Negro 2P,69,2026-07-10-v3
PU7944MNMN5,e3-907944-03,Puma 7944-03 Crew Heritage 2P Mn/Mn 5,Puma,7944|907944,MN/MN,solid,5,2,7944-03|907944-03,MATCH_ALTO,alta,133,B_model+variant_code+talle+pack+color_tok_1+marca,616,7944,907944-03 T5 Puma Crew Heritage Stripe Blanco Logo Mno 2P,,2,5,logo,Terminado,7,615,907944-02 T5 Puma Crew Heritage Stripe Blanco 2P,69,618,907944-01 T5 Puma Crew Heritage Stripe Negro 2P,69,2026-07-10-v3
PU7944NENE5,e3-907944-01,Puma 7944-01 Crew Heritage 2P Ne/Ne 5,Puma,7944|907944,NE/NE,solid,5,2,7944-01|907944-01,MATCH_ALTO,alta,161,B_model+variant_code+talle+pack+color_solid+marca+jaccard_0.42,618,7944,907944-01 T5 Puma Crew Heritage Stripe Negro 2P,,2,5,solid,Terminado,7,616,907944-03 T5 Puma Crew Heritage Stripe Blanco Logo Mno 2P,94,615,907944-02 T5 Puma Crew Heritage Stripe Blanco 2P,69,2026-07-10-v3
PU7947BLGM4,j3-907947-02,Puma 7947-02 BWT SNEAKER Bl/Gm 4,Puma,7947|907947,BL/GM,mix,4,2,7947-02|907947-02,MATCH_ALTO,alta,129,B_model+variant_code+talle+pack+color_solid_partial_mix+color_tok_2+marca+jaccard_0.55,621,907947,907947-02 T4 Puma BWT Sneaker Bl/Gm 2P,907947-02 T110,2,4,solid,Terminado,19,625,907947-02 T5 Puma BWT Sneaker Bl/Gm 2P,84,1084,907947-04 T4 Puma BWT Sneaker Rs/Gm 2P,77,2026-07-10-v3
PU7947BLGR5,j4-907947-02,Puma 7947-02 BWT SNEAKER Bl/Gr 5,Puma,7947|907947,BL/GR,mix,5,2,7947-02|907947-02,MATCH_ALTO,alta,124,B_model+variant_code+talle+pack+color_solid_partial_mix+color_tok_1+marca+jaccard_0.42,625,907947,907947-02 T5 Puma BWT Sneaker Bl/Gm 2P,907947-02 T120,2,5,solid,Terminado,19,621,907947-02 T4 Puma BWT Sneaker Bl/Gm 2P,79,627,907947-03 T5 Puma BWT Sneaker Mn/Fr 2P,73,2026-07-10-v3
PU7947NEGT4,j3-907947-01,Puma 7947-01 BWT SNEAKER Ne/Gt 4,Puma,7947|907947,NE/GT,mix,4,2,7947-01|907947-01,MATCH_ALTO,alta,129,B_model+variant_code+talle+pack+color_solid_partial_mix+color_tok_2+marca+jaccard_0.55,623,907947,907947-01 T4 Puma BWT Sneaker Ne/Gt 2P,907947-01 T110,2,4,solid,Terminado,19,1084,907947-04 T4 Puma BWT Sneaker Rs/Gm 2P,108,628,907947-01 T5 Puma BWT Sneaker Ne/Gt 2P,84,2026-07-10-v3
PU7947NEGT5,j4-907947-01,Puma 7947-01 BWT SNEAKER Ne/Gt 5,Puma,7947|907947,NE/GT,mix,5,2,7947-01|907947-01,MATCH_ALTO,alta,129,B_model+variant_code+talle+pack+color_solid_partial_mix+color_tok_2+marca+jaccard_0.55,628,907947,907947-01 T5 Puma BWT Sneaker Ne/Gt 2P,907947-01 T120,2,5,solid,Terminado,19,623,907947-01 T4 Puma BWT Sneaker Ne/Gt 2P,84,625,907947-02 T5 Puma BWT Sneaker Bl/Gm 2P,73,2026-07-10-v3
PU7947RSGR4,j3-907947-04,Puma 7947-04 BWT SNEAKER Rs/Gr 4,Puma,7947|907947,RS/GR,mix,4,2,7947-04|907947-04,MATCH_ALTO,alta,124,B_model+variant_code+talle+pack+color_solid_partial_mix+color_tok_1+marca+jaccard_0.42,1084,907947,907947-04 T4 Puma BWT Sneaker Rs/Gm 2P,907947-01 T110,2,4,solid,Terminado,19,621,907947-02 T4 Puma BWT Sneaker Bl/Gm 2P,73,623,907947-01 T4 Puma BWT Sneaker Ne/Gt 2P,73,2026-07-10-v3
PU7950BLBL5,e7-907950-02,Puma 7950-02 Unisex BWT Cushioned Bl/Bl 5,Puma,7950|907950,BL/BL,solid,5,2,7950-02|907950-02,MATCH_ALTO,alta,154,B_model+variant_code+talle+pack+color_solid,631,907950,907950-02 T5 Unisex BWT Cushioned Quarter Blanco 2P,907950-02 T120,2,5,solid,Terminado,9,632,907950-03 T5 Puma Unisex BWT Cushioned Quarter Marino 2P,69,633,907950-01 T5 Puma Unisex BWT Cushioned Quarter Negro 2P,69,2026-07-10-v3
PU7950RSRS4,e7-907950-04,Puma 7950-04 Unisex BWT Cushioned Rs/Rs 4,Puma,7950|907950,RS/RS,solid,4,2,7950-04|907950-04,MATCH_ALTO,alta,160,B_model+variant_code+talle+pack+color_solid+marca,629,7950,907950-04 T4 Puma Unisex BWT Cushioned Quarter Rosa 2P,,2,4,solid,Terminado,9,979,7950 T4 Puma Unisex BWT Cushioned Quarter Rosa Logo M4 1Par,28,1244,7950 T5 Puma Unisex BWT Cushioned Quarter Blanco Logo Negro 1 Par,25,2026-07-10-v3
PU7953MNAZ5,e5-907953-03,Puma 7953-03 BWT LIFESTYLE Q Mn/Az 5,Puma,7953|907953,MN/AZ,mix,5,2,7953-03|907953-03,MATCH_ALTO,alta,122,B_model+variant_code+talle+pack+color_solid_partial_mix+color_tok_1+marca,636,7953,907953-03 T5 Puma Lifestyle Quarter Mn/Fr 2P,,2,5,solid,Terminado,10,637,907953-01 T5 Puma Lifestyle Quarter Ne/Gt 2P,71,1381,907953-00 T5 Puma Lifestyle Quarter Su/Su 2P 2da,71,2026-07-10-v3
PU7953NEM45,e5-907953-01,Puma 7953-01 BWT LIFESTYLE Q Ne/M4 5,Puma,7953|907953,NE/M4,mix,5,2,7953-01|907953-01,MATCH_ALTO,alta,122,B_model+variant_code+talle+pack+color_solid_partial_mix+color_tok_1+marca,637,7953,907953-01 T5 Puma Lifestyle Quarter Ne/Gt 2P,,2,5,solid,Terminado,10,636,907953-03 T5 Puma Lifestyle Quarter Mn/Fr 2P,71,1381,907953-00 T5 Puma Lifestyle Quarter Su/Su 2P 2da,71,2026-07-10-v3
PU7953RSM44,e5-907953-04,Puma 7953-04 BWT LIFESTYLE Q Rs/M4 4,Puma,7953|907953,RS/M4,mix,4,2,7953-04|907953-04,MATCH_ALTO,alta,122,B_model+variant_code+talle+pack+color_solid_partial_mix+color_tok_1+marca,635,7953,907953-04 T4 Puma Lifestyle Quarter Rs/Gm 2P,,2,4,solid,Terminado,10,981,7953 T4 Puma Lifestyle Quarter Rosa Logo Blanco 1Par,36,980,7953 T4 Puma Lifestyle Quarter Gmel Logo Blanco 1Par,33,2026-07-10-v3
PU7964BLBL3,c2-907964-02,Puma 7964-02 CLYDE JUNIOR Q Bl/Bl 3,Puma,7964|907964,BL/BL,solid,3,2,7964-02|907964-02,MATCH_ALTO,alta,115,B_model+variant_code+talle_diff+pack+color_solid+marca,643,907964,907964-02 Puma Clyde Junior Quarter Blanco 2P,907964-02 T110,2,4,solid,Terminado,11,1372,907964-00 Puma Clyde Junior Quarter Su/Su 2P 2da,43,994,7964 T3 Puma Clyde Junior Quarter Negro Logo Blanco 1Par,42,2026-07-10-v3
PU7964NENE3,c2-907964-01,Puma 7964-01 CLYDE JUNIOR Q Ne/Ne 3,Puma,7964|907964,NE/NE,solid,3,2,7964-01|907964-01,MATCH_ALTO,alta,115,B_model+variant_code+talle_diff+pack+color_solid+marca,645,907964,907964-01 Puma Clyde Junior Quarter Negro 2P,907964-01 T110,2,4,solid,Terminado,11,1372,907964-00 Puma Clyde Junior Quarter Su/Su 2P 2da,43,995,7964 T3 Puma Clyde Junior Quarter Blanco Logo Negro 1Par,42,2026-07-10-v3
PU8020BLRS4,j7-938020-04,Puma 8020-04 Women Heart Short Sock Bl/Rs 4,Puma,8020|938020,BL/RS,mix,4,2,8020-04|908020-04|938020-04,MATCH_ALTO,alta,130,B_model+variant_code+talle+pack+color_solid_partial_mix+color_tok_2+marca+jaccard_0.62,658,938020,938020-04 T4 Puma Women Heart Short Sock Bl/Rs 2P,938020-01 T100,2,4,solid,Terminado,7,1385,938020-00 T4 Puma Women Heart Short Sock Su/Su 2P,75,659,938020-03 T4 Puma Women Heart Short Sock Gris Mel 2P,74,2026-07-10-v3
PU8020GMGM4,j7-938020-03,Puma 8020-03 Women Heart Short Sock Gm/Gm 4,Puma,8020|938020,GM/GM,solid,4,2,8020-03|908020-03|938020-03,MATCH_ALTO,alta,161,B_model+variant_code+talle+pack+color_solid+marca+jaccard_0.43,659,938020,938020-03 T4 Puma Women Heart Short Sock Gris Mel 2P,938020-03 T100,2,4,solid,Terminado,7,658,938020-04 T4 Puma Women Heart Short Sock Bl/Rs 2P,70,1385,938020-00 T4 Puma Women Heart Short Sock Su/Su 2P,70,2026-07-10-v3
PU8022BLBLBL6,y1-888022/01,Puma 8022-01 Sport XL Px3 Bl/Bl/Bl 6,Puma,8022|888022,BL/BL/BL,solid,6,3,8022-01|908022-01,MATCH_ALTO,alta,113,B_model+variant_code+talle_diff+pack+color_solid+marca,660,888022,888022-01 T6 Puma Sport  XXL Blanco 3P,888022-01 T120,3,5,solid,Terminado,7,1103,8022 T6 Puma Sport  XXL Negro Logo Rojo 1Par,38,1104,8022 T6 Puma Sport  XXL Gmel Logo Negro 1Par,38,2026-07-10-v3
PU8372AOAEMN5,r12-938372-04,Puma 8372-04 New Generation Crew 3P Ao/Ae/Mn 5,Puma,8372|938372,AO/AE/MN,mix,5,3,8372-04|908372-04|938372-04,MATCH_ALTO,alta,132,B_model+variant_code+talle+pack+color_solid_partial_mix+color_tok_3+marca+jaccard_0.53,721,938372,938372-04 T5 Puma New G Cushioned Crew Ao/Ae/Mn 3P,938372-04 T120,3,5,solid,Terminado,15,1096,938372-04 T4 Puma New G Cushioned Crew Ao/Ae/Mn 3P,87,722,938372-01 T5 Puma New G Cushioned Crew Blanco 3P,73,2026-07-10-v3
PU8372BLBLBL4,r10-938372-01,Puma 8372-01 New Generation Crew 3P Bl/Bl/Bl 4,Puma,8372|938372,BL/BL/BL,solid,4,3,8372-01|908372-01|938372-01,MATCH_ALTO,alta,160,B_model+variant_code+talle+pack+color_solid+marca,717,938372,938372-01 T4 Puma New G Cushioned Crew Blanco 3P,938372-01 T110,3,4,solid,Terminado,15,722,938372-01 T5 Puma New G Cushioned Crew Blanco 3P,115,718,938372-02 T4 Puma New G Cushioned Crew Negro 3P,69,2026-07-10-v3
PU8372BLBLBL5,r10-938372-01,Puma 8372-01 New Generation Crew 3P Bl/Bl/Bl 5,Puma,8372|938372,BL/BL/BL,solid,5,3,8372-01|908372-01|938372-01,MATCH_ALTO,alta,160,B_model+variant_code+talle+pack+color_solid+marca,722,938372,938372-01 T5 Puma New G Cushioned Crew Blanco 3P,938372-01 T120,3,5,solid,Terminado,15,717,938372-01 T4 Puma New G Cushioned Crew Blanco 3P,115,723,938372-02 T5 Puma New G Cushioned Crew Negro 3P,69,2026-07-10-v3
PU8372NENENE4,r11-938372-02,Puma 8372-02 New Generation Crew 3P Ne/Ne/Ne 4,Puma,8372|938372,NE/NE/NE,solid,4,3,8372-02|908372-02|938372-02,MATCH_ALTO,alta,160,B_model+variant_code+talle+pack+color_solid+marca,718,938372,938372-02 T4 Puma New G Cushioned Crew Negro 3P,938372-02 T110,3,4,solid,Terminado,15,723,938372-02 T5 Puma New G Cushioned Crew Negro 3P,115,717,938372-01 T4 Puma New G Cushioned Crew Blanco 3P,69,2026-07-10-v3
PU8372NENENE5,r11-938372-02,Puma 8372-02 New Generation Crew 3P Ne/Ne/Ne 5,Puma,8372|938372,NE/NE/NE,solid,5,3,8372-02|908372-02|938372-02,MATCH_ALTO,alta,160,B_model+variant_code+talle+pack+color_solid+marca,723,938372,938372-02 T5 Puma New G Cushioned Crew Negro 3P,938372-02 T120,3,5,solid,Terminado,15,718,938372-02 T4 Puma New G Cushioned Crew Negro 3P,115,722,938372-01 T5 Puma New G Cushioned Crew Blanco 3P,69,2026-07-10-v3
PU8380BLBL4,e4-938380-02,Puma 8380-02 Women Sock 2P Bl/Bl 4,Puma,8380|938380,BL/BL,solid,4,2,8380-02|908380-02|938380-02,MATCH_ALTO,alta,161,B_model+variant_code+talle+pack+color_solid+marca+jaccard_0.45,727,938380,938380-02 T4 Puma Women Sock Blanco 2P,938380-02 T100,2,4,solid,Terminado,7,729,938380-01 T4 Puma Women Sock Negro 2P,70,728,938380-03 T4 Puma Women Sock Gris Mel 2P,69,2026-07-10-v3
PU8380GMGM4,e4-938380-03,Puma 8380-03 Women Sock 2P Gm/Gm 4,Puma,8380|938380,GM/GM,solid,4,2,8380-03|908380-03|938380-03,MATCH_ALTO,alta,161,B_model+variant_code+talle+pack+color_solid+marca+jaccard_0.42,728,938380,938380-03 T4 Puma Women Sock Gris Mel 2P,938380-03 T100,2,4,solid,Terminado,7,727,938380-02 T4 Puma Women Sock Blanco 2P,70,729,938380-01 T4 Puma Women Sock Negro 2P,70,2026-07-10-v3
PU8380NENE4,e4-938380-01,Puma 8380-01 Women Sock 2P Ne/Ne 4,Puma,8380|938380,NE/NE,solid,4,2,8380-01|908380-01|938380-01,MATCH_ALTO,alta,161,B_model+variant_code+talle+pack+color_solid+marca+jaccard_0.45,729,938380,938380-01 T4 Puma Women Sock Negro 2P,938380-01 T100,2,4,solid,Terminado,7,727,938380-02 T4 Puma Women Sock Blanco 2P,70,728,938380-03 T4 Puma Women Sock Gris Mel 2P,69,2026-07-10-v3
PU8382FUBL4,e4-938382-16,Puma 8382-16 Cushioned Sneaker 2P Fu/Bl 4,Puma,8382|938382,FU/BL,mix,4,2,8382-16|908382-16|938382-16,MATCH_ALTO,alta,124,B_model+variant_code+talle+pack+color_solid_partial_mix+color_tok_1+marca+jaccard_0.42,1219,938382,938382-16 T4 Puma Cushioned Sneaker Blanco 2P,938382-16 T110,2,4,solid,Terminado,8,1220,8382 T4 Puma Cushioned Sneaker Blanco Logo Fucsia 1 Par,85,1221,8382 T4 Puma Cushioned Sneaker Fucsia Logo Blanco 1 Par,85,2026-07-10-v3
PU8382GMGM4,e4-938382-03,Puma 8382-03 Cushioned Sneaker 2P Gm/Gm 4,Puma,8382|938382,GM/GM,solid,4,2,8382-03|908382-03|938382-03,MATCH_ALTO,alta,161,B_model+variant_code+talle+pack+color_solid+marca+jaccard_0.42,730,938382,938382-03 T4 Puma Cushioned Sneaker Gris Mel 2P,938382-03 T110,2,4,solid,Terminado,8,731,938382-01 T4 Puma Cushioned Sneaker Negro 2P,70,1219,938382-16 T4 Puma Cushioned Sneaker Blanco 2P,70,2026-07-10-v3
PU8382NENE4,e4-938382-01,Puma 8382-01 Cushioned Sneaker 2P Ne/Ne 4,Puma,8382|938382,NE/NE,solid,4,2,8382-01|908382-01|938382-01,MATCH_ALTO,alta,161,B_model+variant_code+talle+pack+color_solid+marca+jaccard_0.45,731,938382,938382-01 T4 Puma Cushioned Sneaker Negro 2P,938382-01 T100,2,4,solid,Terminado,8,1219,938382-16 T4 Puma Cushioned Sneaker Blanco 2P,70,730,938382-03 T4 Puma Cushioned Sneaker Gris Mel 2P,69,2026-07-10-v3
PU8391MNMN5,PU8391,Puma 8391-03 Men Classic Sock 2P Mn/Mn 5,Puma,8391,MN/MN,solid,5,2,8391-03|908391-03,MATCH_ALTO,alta,126,B_model+talle+pack+color_solid+marca+jaccard_0.42,742,8391,938391 T5 Puma Men Classic Sock Marino 2P,,2,5,solid,Terminado,4,743,938391 T5 Puma Men Classic Sock Negro 2P,71,1032,8391 T5 Puma Men Classic Sock Negro Logo Gris 1Par,40,2026-07-10-v3
PU8391NENE5,PU8391,Puma 8391-01 Men Classic Sock 2P Ne/Ne 5,Puma,8391,NE/NE,solid,5,2,8391-01|908391-01,MATCH_ALTO,alta,126,B_model+talle+pack+color_solid+marca+jaccard_0.42,743,8391,938391 T5 Puma Men Classic Sock Negro 2P,,2,5,solid,Terminado,4,742,938391 T5 Puma Men Classic Sock Marino 2P,71,1031,8391 T5 Puma Men Classic Sock Marino Logo Celeste 1Par,40,2026-07-10-v3
PU8393AOAEMN4,r5-938393-04,Puma 8393-04 Unisex New Quarter 3P Ao/Ae/Mn 4,Puma,8393|938393,AO/AE/MN,mix,4,3,8393-04|908393-04|938393-04,MATCH_ALTO,alta,132,B_model+variant_code+talle+pack+color_solid_partial_mix+color_tok_3+marca+jaccard_0.53,745,938393,938393-04 T4 Puma New G Cushioned Quarter Ao/Ae/Mn 3P,938393-04 T110,3,4,solid,Terminado,16,750,938393-04 T5 Puma New G Cushioned Quarter Ao/Ae/Mn 3P,87,746,938393-01 T4 Puma New G Cushioned Quarter Blanco 3P,73,2026-07-10-v3
PU8393AOAEMN5,r5-938393-04,Puma 8393-04 Unisex New Quarter 3P Ao/Ae/Mn 5,Puma,8393|938393,AO/AE/MN,mix,5,3,8393-04|908393-04|938393-04,MATCH_ALTO,alta,132,B_model+variant_code+talle+pack+color_solid_partial_mix+color_tok_3+marca+jaccard_0.53,750,938393,938393-04 T5 Puma New G Cushioned Quarter Ao/Ae/Mn 3P,938393-04 7120,3,5,solid,Terminado,16,745,938393-04 T4 Puma New G Cushioned Quarter Ao/Ae/Mn 3P,87,751,938393-01 T5 Puma New G Cushioned Quarter Blanco 3P,73,2026-07-10-v3
PU8393NENENE4,r4-938393-02,Puma 8393-02 Unisex New Quarter 3P Ne/Ne/Ne 4,Puma,8393|938393,NE/NE/NE,solid,4,3,8393-02|908393-02|938393-02,MATCH_ALTO,alta,160,B_model+variant_code+talle+pack+color_solid+marca,747,938393,938393-02 T4 Puma New G Cushioned Quarter Negro 3P,938393-02 T110,3,4,solid,Terminado,16,752,938393-02 T5 Puma New G Cushioned Quarter Negro 3P,115,746,938393-01 T4 Puma New G Cushioned Quarter Blanco 3P,69,2026-07-10-v3
PU8393NENENE5,r4-938393-02,Puma 8393-02 Unisex New Quarter 3P Ne/Ne/Ne 5,Puma,8393|938393,NE/NE/NE,solid,5,3,8393-02|908393-02|938393-02,MATCH_ALTO,alta,160,B_model+variant_code+talle+pack+color_solid+marca,752,938393,938393-02 T5 Puma New G Cushioned Quarter Negro 3P,938393-02 T120,3,5,solid,Terminado,16,747,938393-02 T4 Puma New G Cushioned Quarter Negro 3P,115,751,938393-01 T5 Puma New G Cushioned Quarter Blanco 3P,69,2026-07-10-v3
PU8624CRBEMA5,p8-938624-27,Puma 8624-27 Unisex Sneaker Plain 3P Cr/Be/Ma 5,Puma,8624|938624,CR/BE/MA,mix,5,3,8624-27|908624-27|938624-27,MATCH_ALTO,alta,128,B_model+variant_code+talle+pack+color_solid_partial_mix+color_tok_3+jaccard_0.62,1253,938624,938624-27 T5 Unisex Sneaker Plain Ma/Be/Cr 3P,938624-27 T120,3,5,solid,Terminado,9,1254,938624-30 T5 Unisex Sneaker Plain Ve/Ce/Ne 3P,68,1255,8624 T5 Unisex Sneaker Plain Marron Logo Beige 1Par,49,2026-07-10-v3
PU8624VECENE5,p7-938624-30,Puma 8624-30 Unisex Sneaker Plain 3P Ve/Ce/Ne 5,Puma,8624|938624,VE/NE,mix,5,3,8624-30|908624-30|938624-30,MATCH_ALTO,alta,125,B_model+variant_code+talle+pack+color_solid_partial_mix+color_tok_2+jaccard_0.62,1254,938624,938624-30 T5 Unisex Sneaker Plain Ve/Ce/Ne 3P,938624-30 T120,3,5,solid,Terminado,9,1253,938624-27 T5 Unisex Sneaker Plain Ma/Be/Cr 3P,68,1258,8624 T5 Unisex Sneaker Plain Verde Logo Blanco 1Par,31,2026-07-10-v3
PU8643LICR4,e7-938643-08,Puma 8643-08 Heritage Toe Sneaker 2P Li/Cr 4,Puma,8643|938643,CR,solid,4,2,8643-08|908643-08|938643-08,MATCH_ALTO,alta,165,B_model+variant_code+talle+pack+color_solid+marca+jaccard_0.67,768,938643,938643-08 T4 Puma Heritage Toe Sneaker Li/Cr 2P,938643-08 T110,2,4,solid,Terminado,7,1066,8643-08 T4 Puma Heritage Toe Sneaker Lila Logo Negro 1Par,76,769,938643-05 T4 Puma Heritage Toe Sneaker Rs/Cr 2P,74,2026-07-10-v3
PU8643RSBE4,e7-938643-05,Puma 8643-05 Heritage Toe Sneaker 2P Rs/Be 4,Puma,8643|938643,RS/BE,mix,4,2,8643-05|908643-05|938643-05,MATCH_ALTO,alta,126,B_model+variant_code+talle+pack+color_solid_partial_mix+color_tok_1+marca+jaccard_0.54,769,938643,938643-05 T4 Puma Heritage Toe Sneaker Rs/Cr 2P,938643-05 T110,2,4,solid,Terminado,7,768,938643-08 T4 Puma Heritage Toe Sneaker Li/Cr 2P,75,1383,938643-00 T4 Puma Heritage Toe Sneaker Su/Su 2P 2da,75,2026-07-10-v3
PU8652LIBL3,c3-938652-03,Puma 8652-03 Kids Heart Logo Short Crew 2P Li/Bl 3,Puma,8652|938652,BL,solid,3,2,8652-03|908652-03|938652-03,MATCH_ALTO,alta,122,B_model+variant_code+talle+pack+color_logo_vs_solid+color_tok_1+marca+jaccard_0.64,772,938652,938652-03 T3 Puma Kids Heart Logo Crew Li/Bl 2P,938652-03 T100,2,3,logo,Terminado,7,773,938652-04 T3 Puma Kids Heart Logo Crew Rs/Bl 2P,99,1373,938652-00 T3 Puma Kids Heart Logo Crew Su/Su 2P 2da,95,2026-07-10-v3
PU8652RSBL3,c3-938652-04,Puma 8652-04 Kids Heart Logo Short Crew 2P Rs/Bl 3,Puma,8652|938652,RS/BL,mix,3,2,8652-04|908652-04|938652-04,MATCH_ALTO,alta,150,B_model+variant_code+talle+pack+color_logo_as_mix_partial+color_tok_2+marca+jaccard_0.64,773,938652,938652-04 T3 Puma Kids Heart Logo Crew Rs/Bl 2P,938652-04 T100,2,3,logo,Terminado,7,772,938652-03 T3 Puma Kids Heart Logo Crew Li/Bl 2P,109,1073,8652-04 T3 Puma Kids Heart Logo Crew Blanco Logo Rosa 1Par,92,2026-07-10-v3
RE3000BLBLBL5,3000-1,Reef 3000 Logo Prog Crew Bl/Bl/Bl 5,Reef,3000,BL/BL/BL,solid,5,3,,MATCH_ALTO,alta,95,B_model+talle+pack+marca,157,3000,3000-02 T5 Reef Logo Program Crew Negro 3P,3000-01 T39/43,3,5,logo,Terminado,3,155,3000-03 T5 Reef Logo Program Crew Bl/Ne/Gr 3P,83,156,3000-01 T5 Reef Logo Program Crew Blanco 3P,83,2026-07-10-v3
RE3080BLBLBL3,3080-1,Reef 3080 KIDS LOGO PROG CREW Bl/Bl/Bl 3,Reef,3080,BL/BL/BL,solid,3,3,,MATCH_ALTO,alta,95,B_model+talle+pack+marca,1295,3080,3080-02 T3 Reef Kids Logo Program Crew Negro 3P,3080-02 T30/34,3,3,logo,Terminado,3,1296,3080-03 T3 Reef Kids Logo Program Crew Bl/Ne/Gr 3P,84,158,3080-01 T3 Reef Kids Logo Program Crew Blanco 3P,83,2026-07-10-v3
RE3080BLNEGR3,3080-3,Reef 3080 KIDS LOGO PROG CREW Bl/Ne/Gr 3,Reef,3080,BL/NE/GR,mix,3,3,,MATCH_ALTO,alta,117,B_model+talle+pack+color_logo_as_mix_partial+color_tok_3+marca+jaccard_0.57,1296,3080,3080-03 T3 Reef Kids Logo Program Crew Bl/Ne/Gr 3P,3080-03 T30/34,3,3,logo,Terminado,3,158,3080-01 T3 Reef Kids Logo Program Crew Blanco 3P,108,1295,3080-02 T3 Reef Kids Logo Program Crew Negro 3P,108,2026-07-10-v3
RE3120BLNEGR4,3120-1 T4,Reef 3120 INV SNEAKER Bl/Ne/Gr 4,Reef,3120,BL/NE/GR,mix,4,3,,MATCH_ALTO,alta,96,B_model+talle+pack+color_solid_partial_mix+color_tok_3+marca+jaccard_0.50,165,3120,3120-01 T4 Reef Invisible Sneaker Bl/Ne/Gr 3P,3120-01 T35/39,3,4,solid,Terminado,9,166,3120-03 T4 Reef Invisible Sneaker Blanco 3P,86,168,3120-02 T4 Reef Invisible Sneaker Negro 3P,86,2026-07-10-v3
RE3120BLNEGR5,3120-1 T5,Reef 3120 INV SNEAKER Bl/Ne/Gr 5,Reef,3120,BL/NE/GR,mix,5,3,,MATCH_ALTO,alta,96,B_model+talle+pack+color_solid_partial_mix+color_tok_3+marca+jaccard_0.50,169,3120,3120-01 T5 Reef Invisible Sneaker Bl/Ne/Gr 3P,3120-01 T39/43,3,5,solid,Terminado,9,170,3120-03 T5 Reef Invisible Sneaker Blanco 3P,86,172,3120-02 T5 Reef Invisible Sneaker Negro 3P,86,2026-07-10-v3
RE3300BLNEGR5,3300-1,Reef 3300 REEF MT SNEAKER Bl/Ne/Gr 5,Reef,3300,BL/NE/GR,mix,5,3,,MATCH_ALTO,alta,98,B_model+talle+pack+color_solid_partial_mix+color_tok_3+marca+jaccard_0.64,188,3300,3300-01 T5 Reef MT Sneaker Bl/Ne/Gr 3P,3300-01 T39/43,3,5,solid,Terminado,3,189,3300-02 T5 Reef MT Sneaker Blanco 3P,88,190,3300-03 T5 Reef MT Sneaker Negro 3P,88,2026-07-10-v3
RE3300NENENE5,3300-3,Reef 3300 REEF MT SNEAKER Ne/Ne/Ne 5,Reef,3300,NE/NE/NE,solid,5,3,,MATCH_ALTO,alta,126,B_model+talle+pack+color_solid+marca+jaccard_0.40,190,3300,3300-03 T5 Reef MT Sneaker Negro 3P,3300-03 T39/43,3,5,solid,Terminado,3,188,3300-01 T5 Reef MT Sneaker Bl/Ne/Gr 3P,74,189,3300-02 T5 Reef MT Sneaker Blanco 3P,71,2026-07-10-v3
SEKP609BL5,KP609,Kamp 609 Kamp Pantorrilleras Blanco 5,Kamp ,609,BL,solid,5,,,MATCH_ALTO,alta,103,B_model+talle+color_solid+marca+jaccard_0.57,333,609,609 T5 Kamp Pantorrilleras Blanco 1P,,1,5,solid,Terminado,1,,,,,,,2026-07-10-v3
SEKP611BL5,KP611,Kamp 611 Kamp Antideslizantes Blanco 5,Kamp ,611,BL,solid,5,,,MATCH_ALTO,alta,102,B_model+talle+color_solid+marca+jaccard_0.50,349,611,611 T5 Kamp Medias Antideslizantes Blanco 1Par,,1,5,solid,Fabricado,7,346,611 T4 Kamp Medias Antideslizantes Blanco 1Par,57,350,611 T5 Kamp Medias Antideslizantes Marino 1Par,45,2026-07-10-v3
SEKP611NE4,KP611,Kamp 611 Kamp Antideslizantes Negro 4,Kamp ,611,NE,solid,4,,,MATCH_ALTO,alta,102,B_model+talle+color_solid+marca+jaccard_0.50,348,611,611 T4 Kamp Medias Antideslizantes Negro 1Par,,1,4,solid,Fabricado,7,351,611 T5 Kamp Medias Antideslizantes Negro 1Par,57,346,611 T4 Kamp Medias Antideslizantes Blanco 1Par,45,2026-07-10-v3
SEKP611NE5,KP611,Kamp 611 Kamp Antideslizantes Negro 5,Kamp ,611,NE,solid,5,,,MATCH_ALTO,alta,102,B_model+talle+color_solid+marca+jaccard_0.50,351,611,611 T5 Kamp Medias Antideslizantes Negro 1Par,,1,5,solid,Fabricado,7,348,611 T4 Kamp Medias Antideslizantes Negro 1Par,57,349,611 T5 Kamp Medias Antideslizantes Blanco 1Par,45,2026-07-10-v3
SEPU56BLNE4,z15-950056-01,Puma 950056-01 Traction Crew Sock 1P Blanco/Negro 4,Puma,950056,BL,solid,4,,950056-01,MATCH_ALTO,alta,140,B_model+variant_code+talle+color_solid+marca+jaccard_0.73,292,950056,950056-01 T4 Puma Traction Crew Sock Blanco 1P,950056-01 T110,1,4,solid,Terminado,6,295,950056-01 T5 Puma Traction Crew Sock Blanco 1P,95,294,950056-03 T4 Puma Traction Crew Sock Negro 1P,48,2026-07-10-v3
SEPU56BLNE5,z16-950056-01,Puma 950056-01 Traction Crew Sock 1P Blanco/Negro 5,Puma,950056,BL,solid,5,,950056-01,MATCH_ALTO,alta,140,B_model+variant_code+talle+color_solid+marca+jaccard_0.73,295,950056,950056-01 T5 Puma Traction Crew Sock Blanco 1P,950056-01 T120,1,5,solid,Terminado,6,292,950056-01 T4 Puma Traction Crew Sock Blanco 1P,95,297,950056-03 T5 Puma Traction Crew Sock Negro 1P,48,2026-07-10-v3
SEPU56MNBL5,z16-950056-02,Puma 950056-02 Traction Crew Sock 1P Marino/Blanco 5,Puma,950056,MN,solid,5,,950056-02,MATCH_ALTO,alta,140,B_model+variant_code+talle+color_solid+marca+jaccard_0.73,296,950056,950056-02 T5 Puma Traction Crew Sock Marino 1P,950056-02 T120,1,5,solid,Terminado,6,293,950056-02 T4 Puma Traction Crew Sock Marino 1P,95,295,950056-01 T5 Puma Traction Crew Sock Blanco 1P,48,2026-07-10-v3
SEPU56NEBL4,z15-950056-03,Puma 950056-03 Traction Crew Sock 1P Negro/Blanco 4,Puma,950056,NE,solid,4,,950056-03,MATCH_ALTO,alta,140,B_model+variant_code+talle+color_solid+marca+jaccard_0.73,294,950056,950056-03 T4 Puma Traction Crew Sock Negro 1P,950056-03 T110,1,4,solid,Terminado,6,297,950056-03 T5 Puma Traction Crew Sock Negro 1P,95,292,950056-01 T4 Puma Traction Crew Sock Blanco 1P,48,2026-07-10-v3
SEPU56NEBL5,z16-950056-03,Puma 950056-03 Traction Crew Sock 1P Negro/Blanco 5,Puma,950056,NE,solid,5,,950056-03,MATCH_ALTO,alta,140,B_model+variant_code+talle+color_solid+marca+jaccard_0.73,297,950056,950056-03 T5 Puma Traction Crew Sock Negro 1P,950056-03 T120,1,5,solid,Terminado,6,294,950056-03 T4 Puma Traction Crew Sock Negro 1P,95,295,950056-01 T5 Puma Traction Crew Sock Blanco 1P,48,2026-07-10-v3
VA510MNMN4,VA510,Varios 510 SOX Bipacks LISA Mn/Mn 4,Varios,510,MN/MN,solid,4,2,,MATCH_ALTO,alta,116,B_model+talle+pack+color_solid,266,510,510-05 T4 BS Medias Antideslizante Marino 2P,510-05 T35/39,2,4,solid,Terminado,9,271,510-05 T5 BS Medias Antideslizante Marino 2P,71,264,510-01 T4 BS Medias Antideslizante Bl/Ne 2P,61,2026-07-10-v3
VA510MNMN5,VA510,Varios 510 SOX Bipacks LISA Mn/Mn 5,Varios,510,MN/MN,solid,5,2,,MATCH_ALTO,alta,116,B_model+talle+pack+color_solid,271,510,510-05 T5 BS Medias Antideslizante Marino 2P,510-05 T40/43,2,5,solid,Terminado,9,266,510-05 T4 BS Medias Antideslizante Marino 2P,71,269,510-01 T5 BS Medias Antideslizante Bl/Ne 2P,61,2026-07-10-v3
VA510NENE5,VA510,Varios 510 SOX Bipacks LISA Ne/Ne 5,Varios,510,NE/NE,solid,5,2,,MATCH_ALTO,alta,116,B_model+talle+pack+color_solid,272,510,510-02 T5 BS Medias Antideslizante Negro 2P,510-02 T40/43,2,5,solid,Terminado,9,267,510-02 T4 BS Medias Antideslizante Negro 2P,71,269,510-01 T5 BS Medias Antideslizante Bl/Ne 2P,65,2026-07-10-v3
LE7862GTM45,LE7862,Levis (7862)7864-M004 Reg Cut Wordmark Logo 2P Gt/M4 5,Levis,7862|7864,GT/M4,mix,5,2,7864-M004|907864-M004,MATCH_BAJO,baja,55,B_model+talle+pack_mismatch_1par+color_logo_as_mix_partial+color_tok_1+marca+jaccard_0.47,1121,,7864 T5 Levis Reg Cut Wordmark Logo M4 Logo Gtopo 1Par,,1,5,logo,Fabricado,4,1118,7864 T5 Levis Reg Cut Wordmark Logo Marino Logo Aero 1Par,35,1120,7864 T5 Levis Reg Cut Wordmark Logo Negro Logo Gris 1Par,35,2026-07-10-v3
PU1315AZCE3,b4-1315-892570/01,Puma 3340-16 Kids inv. Sneakers 2P Az/Ce 3,Puma,1315|3340,AZ,solid,3,2,3340-16|903340-16,MATCH_BAJO,baja,69,B_model+talle+pack+color_solid_diff+marca,42,1315,892570-04 T3 Puma Kids invisible Sneakers Negro 2P,,2,3,solid,Terminado,6,825,3340 T3 Puma Kids Invisible Blanco Logo Negro 1Par,37,826,3340 T3 Puma Kids Invisible Rosa Logo Chicle 1Par,37,2026-07-10-v3
PU1315RSCH3,b2-1315-892570/03,PUMA 3340-43 Kids inv. Sneakers 2P Rs/Ch 3,Puma,1315|3340,RS,solid,3,2,3340-43|903340-43,MATCH_BAJO,baja,69,B_model+talle+pack+color_solid_diff+marca,42,1315,892570-04 T3 Puma Kids invisible Sneakers Negro 2P,,2,3,solid,Terminado,6,823,3340 T3 Puma Kids Invisible Azul Logo Celeste 1Par,37,824,3340 T3 Puma Kids Invisible Celeste Logo Azul 1Par,37,2026-07-10-v3
PU595GMM4NE5,q2-7312-892574/02,PUMA 2574-02 Sport 3P Gm/M4/Ne 5,Puma,595|7312|2574,GM/M4/NE,mix,5,3,2574-02|902574-02,MATCH_BAJO,baja,55,B_model+talle+pack_mismatch_1par+color_logo_as_mix_partial+color_tok_2+marca,815,,2574 T5 Puma Sport M4 Logo Negro 1Par,,1,5,logo,Fabricado,4,814,2574 T5 Puma Sport Gmel Logo Negro 1Par,54,812,2574 T5 Puma Sport Blanco Logo Negro 1Par,36,2026-07-10-v3
PU6512FUGRBL5,u3-6512-892576/02,Puma 2576-02 Unisex Sneakers Half Terry 3P Fu/Gr/Bl 5,Puma,6512|2576,FU/GR/BL,mix,5,3,2576-02|902576-02,MATCH_BAJO,baja,55,B_model+talle+pack_mismatch_1par+color_logo_as_mix_partial+color_tok_2+marca,822,,2576 T5 Puma Sneakers Half Terry Fucsia Logo Blanco 1Par,,1,5,logo,Fabricado,7,816,2576 T5 Puma Sneakers Half Terry Blanco Logo Negro 1Par,37,818,2576 T5 Puma Sneakers Half Terry Blanco Logo Gris 1Par,37,2026-07-10-v3
VA510RORO5,VA510,Varios 510 SOX Bipacks LISA Ro/Ro 5,Varios,510,RO/RO,solid,5,2,,MATCH_BAJO,baja,71,B_model+talle_diff+pack+color_solid,268,510,510-04 T4 BS Medias Antideslizante Rojo 2P,510-04 T35/39,2,4,solid,Terminado,9,269,510-01 T5 BS Medias Antideslizante Bl/Ne 2P,61,270,510-03 T5 BS Medias Antideslizante Blanco 2P,61,2026-07-10-v3
PU7964MNBL3,c2-907964-03,Puma 7964-03 CLYDE JUNIOR Q Mn/Bl 3,Puma,7964|907964,MN/BL,mix,3,2,7964-03|907964-03,MATCH_MEDIO,media,83,B_model+variant_code+talle_diff+pack+color_solid_partial_mix+color_tok_2+marca+jaccard_0.50,644,907964,907964-03 Puma Clyde Junior Quarter Mn/Bl 2P,907964-03 T110,2,4,solid,Terminado,11,996,7964 T3 Puma Clyde Junior Quarter Marino Logo Blanco 1Par,55,997,7964 T3 Puma Clyde Junior Quarter Blanco Logo Marino 1Par,55,2026-07-10-v3
PU7964RSBL3,c2-907964-04,Puma 7964-04 CLYDE JUNIOR Q Rs/Bl 3,Puma,7964|907964,RS/BL,mix,3,2,7964-04|907964-04,MATCH_MEDIO,media,83,B_model+variant_code+talle_diff+pack+color_solid_partial_mix+color_tok_2+marca+jaccard_0.50,646,907964,907964-04 Puma Clyde Junior Quarter Rs/Bl 2P,907964-04 T120,2,5,solid,Terminado,11,998,7964 T3 Puma Clyde Junior Quarter Rosa Logo Blanco 1Par,55,999,7964 T3 Puma Clyde Junior Quarter Blanco Logo Rosa 1Par,55,2026-07-10-v3
PU8022NEGMBL6,y2-888022/02,Puma 8022-02 Sport XXL Px3 Ne/Gm/Bl 6,Puma,8022|888022,NE/GM/BL,mix,6,3,8022-02|908022-02,MATCH_MEDIO,media,87,B_model+variant_code+talle_diff+pack+color_solid_partial_mix+color_tok_3+marca+jaccard_0.54,661,888022,888022-02 T6 Puma Sport  XXL Ne/Gm/Bl 3P,888022-02 T120,3,5,solid,Terminado,7,1100,8022 T6 Puma Sport  XXL Blanco Logo Negro 1Par,55,1101,8022 T6 Puma Sport  XXL Blanco Logo Gris 1Par,55,2026-07-10-v3
LE3953CRCR4,LE3953,Levis 3953-W004 Low Cut Sport 2P Cr/Cr 4,Levis,3953,CR/CR,solid,4,2,3953-W004|903953-W004,SIN_CANDIDATO,ninguna,,,,,,,,,,,0,,,,,,,2026-07-10-v3
LE3953MNMN4,LE3953,Levis 3953-W003 Low Cut Sport 2P Mn/Mn 4,Levis,3953,MN/MN,solid,4,2,3953-W003|903953-W003,SIN_CANDIDATO,ninguna,,,,,,,,,,,0,,,,,,,2026-07-10-v3
LE7870CRCR4,LE7870,Levis 7870-W004 Short Cut Logo Sport 2P Cr/Cr 4,Levis,7870,CR/CR,solid,4,2,7870-W004|907870-W004,SIN_CANDIDATO,ninguna,,,,,,,,,,,0,,,,,,,2026-07-10-v3
LE7870NENE4,LE7870,Levis 7870-W001 Short Cut Logo Sport 2P Ne/Ne 4,Levis,7870,NE/NE,solid,4,2,7870-W001|907870-W001,SIN_CANDIDATO,ninguna,,,,,,,,,,,0,,,,,,,2026-07-10-v3
LE8459AEMN5,LE8459,Levis 8459-M001 Reg Cut Bandana Print 2P Ae/Mn 5,Levis,8459,AE/MN,mix,5,2,8459-M001|908459-M001,SIN_CANDIDATO,ninguna,,,,,,,,,,,0,,,,,,,2026-07-10-v3
LE8459BLM45,LE8459,Levis 8459-M002 Reg Cut Bandana Print 2P Bl/M4 5,Levis,8459,BL/M4,mix,5,2,8459-M002|908459-M002,SIN_CANDIDATO,ninguna,,,,,,,,,,,0,,,,,,,2026-07-10-v3
PU7946BLBL5,PU7946,Puma 7946-02 Heritage Quarter 2P Bl/Bl 5,Puma,7946,BL/BL,solid,5,2,7946-02|907946-02,SIN_CANDIDATO,ninguna,,,,,,,,,,,0,,,,,,,2026-07-10-v3
PU7946NENE5,PU7946,Puma 7946-01 Heritage Quarter 2P Ne/Ne 5,Puma,7946,NE/NE,solid,5,2,7946-01|907946-01,SIN_CANDIDATO,ninguna,,,,,,,,,,,0,,,,,,,2026-07-10-v3
SEAT2409BLNE4,AT2409,Atomik 2409 Medias Padel Blanco/Negro 4,Atomik,2409,BL/NE,mix,4,,,SIN_CANDIDATO,ninguna,,,,,,,,,,,0,,,,,,,2026-07-10-v3
SEAT2409NEBL4,AT2409,Atomik 2409 Medias Padel Negro/Blanco 4,Atomik,2409,NE/BL,mix,4,,,SIN_CANDIDATO,ninguna,,,,,,,,,,,0,,,,,,,2026-07-10-v3
SEAT2410BLNE5,AT2410,Atomik 2410 Medias Futbol 1P Blanco/Negro 5,Atomik,2410,BL/NE,mix,5,,,SIN_CANDIDATO,ninguna,,,,,,,,,,,0,,,,,,,2026-07-10-v3
SEAT2410MNBL4,AT2410,Atomik 2410 Medias Futbol 1P Marino/Blanco 4,Atomik,2410,MN/BL,mix,4,,,SIN_CANDIDATO,ninguna,,,,,,,,,,,0,,,,,,,2026-07-10-v3
SEAT2410NEBL3,AT2410,Atomik 2410 Medias Futbol 1P Negro/Blanco 3,Atomik,2410,NE/BL,mix,3,,,SIN_CANDIDATO,ninguna,,,,,,,,,,,0,,,,,,,2026-07-10-v3
SEPB4053MNBL5,PB4053,Puma 4053 (Medias)Cai Home Socks 2026 Marino/Blanco 5,Puma Bra,4053|2026,MN/BL,mix,5,,,SIN_CANDIDATO,ninguna,,,,,,,,,,,0,,,,,,,2026-07-10-v3
SEPB4053ROBL4,PB4053,Puma 4053 (Medias)Cai Home Socks 2026 Rojo/Blanco 4,Puma Bra,4053|2026,RO/BL,mix,4,,,SIN_CANDIDATO,ninguna,,,,,,,,,,,0,,,,,,,2026-07-10-v3
SEPB4053ROBL5,PB4053,Puma 4053 (Medias)Cai Home Socks 2026 Rojo/Blanco 5,Puma Bra,4053|2026,RO/BL,mix,5,,,SIN_CANDIDATO,ninguna,,,,,,,,,,,0,,,,,,,2026-07-10-v3
SEPB4054MNBL5,PB4054,Puma 4054 (Panto)Cai Stirup Away I 2026 Marino/Blanco 5,Puma Bra,4054|2026,MN/BL,mix,5,,,SIN_CANDIDATO,ninguna,,,,,,,,,,,0,,,,,,,2026-07-10-v3
SEPB4054ROBL5,PB4054,Puma 4054 (Panto)Cai Stirup Home 2026 Rojo/Blanco 5,Puma Bra,4054|2026,RO/BL,mix,5,,,SIN_CANDIDATO,ninguna,,,,,,,,,,,0,,,,,,,2026-07-10-v3
SEPB4055FUNE5,PB4055,Puma 4055 (Panto)Cai Stirup Socks GK Away 2026 Fucsia/Negro 5,Puma Bra,4055|2026,FU/NE,mix,5,,,SIN_CANDIDATO,ninguna,,,,,,,,,,,0,,,,,,,2026-07-10-v3
SEPB4055GRNE5,PB4055,Puma Bra 4055 (Panto)Cai Stirup GK Third ADP 2026 (78098)Gris/Negro 5,Puma Bra,4055|2026|78098,GR/NE,mix,5,,,SIN_CANDIDATO,ninguna,,,,,,,,,,,0,,,,,,,2026-07-10-v3
SEPB4055VEBL5,PB4055,Puma 4055 (Panto)Cai Stirup Socks GK Home 2026 Verde/Blanco 5,Puma Bra,4055|2026,VE/BL,mix,5,,,SIN_CANDIDATO,ninguna,,,,,,,,,,,0,,,,,,,2026-07-10-v3
SEPB4056FUNE5,PB4056,Puma 4056 (Medias)Cai Socks GK Away I 2026 Fucsia/Negro 5,Puma Bra,4056|2026,FU/NE,mix,5,,,SIN_CANDIDATO,ninguna,,,,,,,,,,,0,,,,,,,2026-07-10-v3
SEPB4056GRNE5,PB4056,Puma 4056 (Medias)Cai GK Third ADP 2026 (78098)Gris/Negro 5,Puma Bra,4056|2026|78098,GR/NE,mix,5,,,SIN_CANDIDATO,ninguna,,,,,,,,,,,0,,,,,,,2026-07-10-v3
SEPB4056VEBL5,PB4056,Puma 4056 (Medias)Cai Socks GK Home 2026 Verde/Blanco 5,Puma Bra,4056|2026,VE/BL,mix,5,,,SIN_CANDIDATO,ninguna,,,,,,,,,,,0,,,,,,,2026-07-10-v3
SETP251BLNE3,TP251,Templo 251 Antideslizante Blanco/Negro 3,Templo,251,BL/NE,mix,3,,,SIN_CANDIDATO,ninguna,,,,,,,,,,,0,,,,,,,2026-07-10-v3
SETP251BLNE5,TP251,Templo  Antideslizante Blanco/Negro 5,Templo,251,BL/NE,mix,5,,,SIN_CANDIDATO,ninguna,,,,,,,,,,,0,,,,,,,2026-07-10-v3
SETP251NEBL3,TP251,Templo 251 Antideslizante Negro/Blanco 3,Templo,251,NE/BL,mix,3,,,SIN_CANDIDATO,ninguna,,,,,,,,,,,0,,,,,,,2026-07-10-v3
SETP251NEBL5,TP251,Templo Antideslizante Negro/Blanco 5,Templo,251,NE/BL,mix,5,,,SIN_CANDIDATO,ninguna,,,,,,,,,,,0,,,,,,,2026-07-10-v3
SEbw8869MNMN1,a6-8869/60,Puma BW 8869 Basic Boxer Marino/Marino S,Puma BW,8869,MN/MN,solid,1,,,SIN_CANDIDATO,ninguna,,,,,,,,,,,0,,,,,,,2026-07-10-v3
SEbw8869MNMN2,b6-8869/60,Puma BW 8869 Basic Boxer Marino/Marino M,Puma BW,8869,MN/MN,solid,2,,,SIN_CANDIDATO,ninguna,,,,,,,,,,,0,,,,,,,2026-07-10-v3
SEbw8869MNMN3,c6-8869/60,Puma BW 8869 Basic Boxer Marino/Marino L,Puma BW,8869,MN/MN,solid,3,,,SIN_CANDIDATO,ninguna,,,,,,,,,,,0,,,,,,,2026-07-10-v3
SEbw8869MNMN4,d6-8869/60,Puma BW 8869 Basic Boxer Marino/Marino XL,Puma BW,8869,MN/MN,solid,4,,,SIN_CANDIDATO,ninguna,,,,,,,,,,,0,,,,,,,2026-07-10-v3
SEbw8869MNMN5,d8-8869/60,Puma BW 8869 Basic Boxer Marino/Marino XXL,Puma BW,8869,MN/MN,solid,5,,,SIN_CANDIDATO,ninguna,,,,,,,,,,,0,,,,,,,2026-07-10-v3
SEbw8869NE1,a1-8869/08-S,Puma BW 8869 Basic Boxer Negro 1,Puma BW,8869,NE,solid,1,,,SIN_CANDIDATO,ninguna,,,,,,,,,,,0,,,,,,,2026-07-10-v3
SEbw8869NE2,b1-8869/08-M,Puma BW 8869 Basic Boxer Negro 2,Puma BW,8869,NE,solid,2,,,SIN_CANDIDATO,ninguna,,,,,,,,,,,0,,,,,,,2026-07-10-v3
SEbw8869NE3,c1-8869/08-L,Puma BW 8869 Basic Boxer Negro 3,Puma BW,8869,NE,solid,3,,,SIN_CANDIDATO,ninguna,,,,,,,,,,,0,,,,,,,2026-07-10-v3
SEbw8869NE4,d1-8869/08-XL,Puma BW 8869 Basic Boxer Negro 4,Puma BW,8869,NE,solid,4,,,SIN_CANDIDATO,ninguna,,,,,,,,,,,0,,,,,,,2026-07-10-v3
SEbw8869NE5,d8-8869/08-XXL,Puma BW 8869 Basic Boxer Negro XXL,Puma BW,8869,NE,solid,5,,,SIN_CANDIDATO,ninguna,,,,,,,,,,,0,,,,,,,2026-07-10-v3
VA507BLBLBL4,VA507,Varios 513 BS Soquete Bl/Bl/Bl 4,Varios,507|513,BL/BL/BL,solid,4,3,,SIN_CANDIDATO,ninguna,,,,,,,,,,,0,,,,,,,2026-07-10-v3
VA507BLBLBL5,VA507,Varios 513 BS Soquete Bl/Bl/Bl 5,Varios,507|513,BL/BL/BL,solid,5,3,,SIN_CANDIDATO,ninguna,,,,,,,,,,,0,,,,,,,2026-07-10-v3
VA507NENENE4,VA507,Varios 513 BS Soquete Ne/Ne/Ne 4,Varios,507|513,NE/NE/NE,solid,4,3,,SIN_CANDIDATO,ninguna,,,,,,,,,,,0,,,,,,,2026-07-10-v3
VA517BLBL4,VA517,Varios 512 BS Soquete Anti Px2 Bl/Bl 4,Varios,517|512,BL/BL,solid,4,2,,SIN_CANDIDATO,ninguna,,,,,,,,,,,0,,,,,,,2026-07-10-v3
VA517BLBL5,VA517,Varios 512 BS Soquete Anti Px2 Bl/Bl 5,Varios,517|512,BL/BL,solid,5,2,,SIN_CANDIDATO,ninguna,,,,,,,,,,,0,,,,,,,2026-07-10-v3
VA517NENE4,VA517,Varios 512 BS Soquete Anti Px2 Ne/Ne 4,Varios,517|512,NE/NE,solid,4,2,,SIN_CANDIDATO,ninguna,,,,,,,,,,,0,,,,,,,2026-07-10-v3
VA517NENE5,VA517,Varios 512 BS Soquete Anti Px2 Ne/Ne 5,Varios,517|512,NE/NE,solid,5,2,,SIN_CANDIDATO,ninguna,,,,,,,,,,,0,,,,,,,2026-07-10-v3
KP610BLGMNE6,KP610,Kamp 610 Tripack Bl/Gm/Ne 6,Kamp ,610,BL/GM/NE,mix,6,3,,SIN_MATCH_CONFIABLE,ninguna,54,B_model+talle_diff+pack+color_solid_partial_mix+color_tok_3+marca+jaccard_0.67,340,610,610 T4 Kamp Tripack  Bl/Gm/Ne 3P,,3,4,solid,Terminado,6,343,610 T5 Kamp Tripack Bl/Gm/Ne 3P,54,341,610 T4 Kamp Tripack Blanco 3P,42,2026-07-10-v3
LE7538BLNE5,LE7538,Levis 7538-M004 Mid Cut Sport Stripe 2P Bl/Ne 5,Levis,7538,BL/NE,mix,5,2,7538-M004|907538-M004,SIN_MATCH_CONFIABLE,ninguna,51,B_model+talle+pack_mismatch_1par+color_logo_as_mix_partial+color_tok_1+marca,1105,,7538 T5 Levis Mid Cut Batwing Logo Negro Logo Rojo 1Par,,1,5,logo,Fabricado,3,1107,7538 T5 Levis Mid Cut Sport Stripe Blanco Logo Rojo 1Par,38,1106,7538 T5 Levis Mid Cut Batwing Logo Marino Logo Rojo 1Par,33,2026-07-10-v3
LE7862NENE5,LE7862,Levis (7862)7864-M006 Reg Cut Wordmark Logo 2P Ne/Ne 5,Levis,7862|7864,NE/NE,solid,5,2,7864-M006|907864-M006,SIN_MATCH_CONFIABLE,ninguna,41,B_model+talle+pack_mismatch_1par+marca+jaccard_0.40,1118,,7864 T5 Levis Reg Cut Wordmark Logo Marino Logo Aero 1Par,,1,5,logo,Fabricado,4,1121,7864 T5 Levis Reg Cut Wordmark Logo M4 Logo Gtopo 1Par,41,1119,7864 T5 Levis Reg Cut Sport Stripe Blanco Logo Rojo 1Par,39,2026-07-10-v3
LE7864AEBL5,LE7864,Levis 7864-M005 Reg Cut Sport Stripe 2P Ae/Bl 5,Levis,7864,AE/BL,mix,5,2,7864-M005|907864-M005,SIN_MATCH_CONFIABLE,ninguna,38,B_model+talle+pack_mismatch_1par+color_logo_weak+color_tok_1+marca,1119,,7864 T5 Levis Reg Cut Sport Stripe Blanco Logo Rojo 1Par,,1,5,logo,Fabricado,4,1118,7864 T5 Levis Reg Cut Wordmark Logo Marino Logo Aero 1Par,33,1120,7864 T5 Levis Reg Cut Wordmark Logo Negro Logo Gris 1Par,33,2026-07-10-v3
LE7864BLNE5,LE7864,Levis 7864-M001 Reg Cut Sport Stripe 2P Bl/Ne 5,Levis,7864,BL/NE,mix,5,2,7864-M001|907864-M001,SIN_MATCH_CONFIABLE,ninguna,51,B_model+talle+pack_mismatch_1par+color_logo_as_mix_partial+color_tok_1+marca,1120,,7864 T5 Levis Reg Cut Wordmark Logo Negro Logo Gris 1Par,,1,5,logo,Fabricado,4,1119,7864 T5 Levis Reg Cut Sport Stripe Blanco Logo Rojo 1Par,38,1118,7864 T5 Levis Reg Cut Wordmark Logo Marino Logo Aero 1Par,33,2026-07-10-v3
PU1025BLM4NE4,p12-1025-880966/07,Puma 0966-07 Inv. Sneaker 3P Bl/M4/Ne 4,Puma,1025|0966,BL/M4/NE,mix,4,3,0966-07|900966-07,SIN_MATCH_CONFIABLE,ninguna,31,B_model+talle+pack_mismatch_1par+color_solid_partial_mix+color_tok_1+marca,4,SEPU1025BLFU4,0966 T4 Puma Invisible Sneaker Blanco/Fucsia 1Par,,1,4,solid,Fabricado,10,6,0966 T4 Puma Invisible Sneaker Negro/Gris 1Par,31,1053,8624 T4 Unisex Sneaker Plain Blanco Logo Verde 1Par,28,2026-07-10-v3
PU595NENENE5,q3-7312-892574/03,PUMA 2574-03 Sport 3P Ne/Ne/Ne 5,Puma,595|7312|2574,NE/NE/NE,solid,5,3,2574-03|902574-03,SIN_MATCH_CONFIABLE,ninguna,41,B_model+talle+pack_mismatch_1par+color_tok_1+marca,812,,2574 T5 Puma Sport Blanco Logo Negro 1Par,,1,5,logo,Fabricado,4,814,2574 T5 Puma Sport Gmel Logo Negro 1Par,41,815,2574 T5 Puma Sport M4 Logo Negro 1Par,41,2026-07-10-v3
PU7471BECR4,PU7471,Puma 7571-01 Rib Mesh Sneaker 2P Be/Cr 4,Puma,7471|7571,BE/CR,mix,4,2,7571-01|907571-01,SIN_MATCH_CONFIABLE,ninguna,-20,B_model+talle_diff+pack_mismatch_1par+color_logo_weak,1108,,7571  T5 Levis Low Cut Sport Stripe Blanco Logo Rojo 1Par,,1,5,logo,Fabricado,1,,,,,,,2026-07-10-v3
PU7471RSBL4,PU7471,Puma 7571-04 Rib Mesh Sneaker 2P Rs/Bl 4,Puma,7471|7571,RS/BL,mix,4,2,7571-04|907571-04,SIN_MATCH_CONFIABLE,ninguna,-17,B_model+talle_diff+pack_mismatch_1par+color_logo_weak+color_tok_1,1108,,7571  T5 Levis Low Cut Sport Stripe Blanco Logo Rojo 1Par,,1,5,logo,Fabricado,1,,,,,,,2026-07-10-v3
PU8624BLBLBL4,PU8624,Puma 8624-28 Unisex Sneaker Plain 3P Bl/Bl/Bl 4,Puma,8624,BL/BL/BL,solid,4,3,8624-28|908624-28,SIN_MATCH_CONFIABLE,ninguna,22,B_model+talle+pack_mismatch_1par+color_logo_vs_solid+color_tok_1,1053,1025,8624 T4 Unisex Sneaker Plain Blanco Logo Verde 1Par,,1,4,logo,Fabricado,7,1258,8624 T5 Unisex Sneaker Plain Verde Logo Blanco 1Par,-8,1260,8624 T5 Unisex Sneaker Plain Negro Logo Blanco 1Par,-8,2026-07-10-v3
PU8624BLBLBL5,PU8624,Puma 8624-28 Unisex Sneaker Plain 3P Bl/Bl/Bl 5,Puma,8624,BL/BL/BL,solid,5,3,8624-28|908624-28,SIN_MATCH_CONFIABLE,ninguna,37,B_model+talle+pack_mismatch_1par+color_tok_1,1258,1025,8624 T5 Unisex Sneaker Plain Verde Logo Blanco 1Par,,1,5,logo,Fabricado,7,1260,8624 T5 Unisex Sneaker Plain Negro Logo Blanco 1Par,37,1255,8624 T5 Unisex Sneaker Plain Marron Logo Beige 1Par,34,2026-07-10-v3
SEKP609MN5,KP609,Kamp 609 Kamp Pantorrilleras Marino 5,Kamp ,609,MN,solid,5,,,SIN_MATCH_CONFIABLE,ninguna,45,B_model+talle+color_solid_diff+marca,333,609,609 T5 Kamp Pantorrilleras Blanco 1P,,1,5,solid,Terminado,1,,,,,,,2026-07-10-v3
SEKP609NE5,KP609,Kamp 609 Kamp Pantorrilleras Negro 5,Kamp ,609,NE,solid,5,,,SIN_MATCH_CONFIABLE,ninguna,45,B_model+talle+color_solid_diff+marca,333,609,609 T5 Kamp Pantorrilleras Blanco 1P,,1,5,solid,Terminado,1,,,,,,,2026-07-10-v3
SERS709BL4,RS709,RED SPORT 709 Antideslizante Blanco 4,RED SPORT,709,BL,solid,4,,,SIN_MATCH_CONFIABLE,ninguna,52,B_model+talle+color_solid_diff+color_tok_1+marca+jaccard_0.62,444,709,709 T4 Red Sport Antideslizante Blanco 1P,Antideslizante T4,1,4,solid,Terminado,4,445,709 T4 Red Sport Antideslizante Negro 1P,46,446,709 T5 Red Sport Antideslizante Blanco 1P,7,2026-07-10-v3
SERS709BL5,RS709,RED SPORT 709 Antideslizante Blanco 5,RED SPORT,709,BL,solid,5,,,SIN_MATCH_CONFIABLE,ninguna,52,B_model+talle+color_solid_diff+color_tok_1+marca+jaccard_0.62,446,709,709 T5 Red Sport Antideslizante Blanco 1P,Antideslizante T5,1,5,solid,Terminado,4,447,709 T5 Red Sport Antideslizante Negro 1P,46,444,709 T4 Red Sport Antideslizante Blanco 1P,7,2026-07-10-v3
SERS709NE5,RS709,RED SPORT 709 Antideslizante Negro 5,RED SPORT,709,NE,solid,5,,,SIN_MATCH_CONFIABLE,ninguna,52,B_model+talle+color_solid_diff+color_tok_1+marca+jaccard_0.62,447,709,709 T5 Red Sport Antideslizante Negro 1P,Antideslizante T5,1,5,solid,terminado,4,446,709 T5 Red Sport Antideslizante Blanco 1P,46,445,709 T4 Red Sport Antideslizante Negro 1P,7,2026-07-10-v3
SEVA508BLNE4,VA508,Varios 508 Futbol BS Blanco/Negro 4,Varios,508,BL/NE,mix,4,,,SIN_MATCH_CONFIABLE,ninguna,-2,B_model+talle_diff+color_solid_vs_mix,250,508,508-05 T5 BS Medias Futbol Rojo 1Par,508-05 T40/43,1,5,solid,Fabricado,1,,,,,,,2026-07-10-v3
SEVA508BLNE5,VA508,Varios 508 Futbol BS Blanco/Negro 5,Varios,508,BL/NE,mix,5,,,SIN_MATCH_CONFIABLE,ninguna,43,B_model+talle+color_solid_vs_mix,250,508,508-05 T5 BS Medias Futbol Rojo 1Par,508-05 T40/43,1,5,solid,Fabricado,1,,,,,,,2026-07-10-v3
SEVA508NEBL4,VA508,Varios 508 Futbol BS Negro/Blanco 4,Varios,508,NE/BL,mix,4,,,SIN_MATCH_CONFIABLE,ninguna,-2,B_model+talle_diff+color_solid_vs_mix,250,508,508-05 T5 BS Medias Futbol Rojo 1Par,508-05 T40/43,1,5,solid,Fabricado,1,,,,,,,2026-07-10-v3
SEVA508NEBL5,VA508,Varios 508 Futbol BS Negro/Blanco 5,Varios,508,NE/BL,mix,5,,,SIN_MATCH_CONFIABLE,ninguna,43,B_model+talle+color_solid_vs_mix,250,508,508-05 T5 BS Medias Futbol Rojo 1Par,508-05 T40/43,1,5,solid,Fabricado,1,,,,,,,2026-07-10-v3
SEVA511BLNE5,VA511,Varios 511 SOX Px1 LISA Blanco/Negro 5,Varios,511,BL/NE,mix,5,,,SIN_MATCH_CONFIABLE,ninguna,30,B_model+color_solid_partial_mix+color_tok_1,273,511,511 Medias Antideslizante 004 Blanco/Neg,,,,solid,Terminado,8,275,511 Medias Antideslizante 004 Negro/Gris,30,277,511 Medias Antideslizante 005 Blanco/Neg,30,2026-07-10-v3
SEVA511MNBL4,VA511,Varios 511 SOX Px1 LISA Marino/Blanco 4,Varios,511,MN/BL,mix,4,,,SIN_MATCH_CONFIABLE,ninguna,30,B_model+color_solid_partial_mix+color_tok_1,273,511,511 Medias Antideslizante 004 Blanco/Neg,,,,solid,Terminado,8,274,511 Medias Antideslizante 004 Marino/Bla,30,277,511 Medias Antideslizante 005 Blanco/Neg,30,2026-07-10-v3
SEVA511MNBL5,VA511,Varios 511 SOX Px1 LISA Marino/Blanco 5,Varios,511,MN/BL,mix,5,,,SIN_MATCH_CONFIABLE,ninguna,30,B_model+color_solid_partial_mix+color_tok_1,273,511,511 Medias Antideslizante 004 Blanco/Neg,,,,solid,Terminado,8,274,511 Medias Antideslizante 004 Marino/Bla,30,277,511 Medias Antideslizante 005 Blanco/Neg,30,2026-07-10-v3
SEVA511NEGR5,VA511,Varios 511 SOX Px1 LISA Negro/Gris 5,Varios,511,NE/GR,mix,5,,,SIN_MATCH_CONFIABLE,ninguna,32,B_model+color_solid_partial_mix+color_tok_1,275,511,511 Medias Antideslizante 004 Negro/Gris,,,,solid,Terminado,8,279,511 Medias Antideslizante 005 Negro/Gris,32,276,511 Medias Antideslizante 004 Rojo/Negro,20,2026-07-10-v3
SEVA511RONE5,VA511,Varios 511 SOX Px1 LISA Rojo/Negro 5,Varios,511,RO/NE,mix,5,,,SIN_MATCH_CONFIABLE,ninguna,35,B_model+color_solid_partial_mix+color_tok_2,276,511,511 Medias Antideslizante 004 Rojo/Negro,,,,solid,Terminado,8,280,511 Medias Antideslizante 005 Rojo/Negro,35,275,511 Medias Antideslizante 004 Negro/Gris,30,2026-07-10-v3
