tipo;codigo_movimiento;nro_comprobante;fecha_comprobante;nro_asiento;id_ejercicio;fecha_asiento;concepto;desc_concepto;n_renglones;total_debe;total_haber;balanceado;importe_comprobante;anulado
FA;102726;0048-00015473;02/07/2026;16305.0;2.0;02/07/2026;3.0;Compra;5;71276.3500;71276.3500;Si;71276.35;No
FA;104376;0005-00039118;02/07/2026;16307.0;2.0;02/07/2026;3.0;Compra;3;537200.0700;537200.0700;Si;537200.07;No
FA;11017;0005-00035059;11/07/2025;33763.0;1.0;11/07/2025;3.0;Compra;3;356400.0100;356400.0100;Si;356400.01;No
FA;15896;1200-00066692;31/07/2025;33765.0;1.0;31/07/2025;3.0;Compra;6;1034799.6500;1034799.6500;Si;1034799.65;No
FA;16070;0001-00000940;31/07/2025;33766.0;1.0;31/07/2025;3.0;Compra;4;5240947.4900;5240947.4900;Si;5074813.81;No
FA;17387;0007-00085846;31/07/2025;33767.0;1.0;31/07/2025;3.0;Compra;3;10046.7800;10046.7800;Si;10046.78;No
FA;17388;0006-00085971;31/07/2025;33768.0;1.0;31/07/2025;3.0;Compra;5;5036257.5900;5036257.5900;Si;5036257.59;No
FA;17389;0007-00085845;31/07/2025;33769.0;1.0;31/07/2025;3.0;Compra;3;798410.1500;798410.1500;Si;798410.15;No
FA;17390;0006-00085970;31/07/2025;33770.0;1.0;31/07/2025;3.0;Compra;4;399238067.3700;399238067.3700;Si;399238067.37;No
FA;17392;0001-00000020;31/07/2025;33771.0;1.0;31/07/2025;3.0;Compra;3;907984000.0000;907984000.0000;Si;907984000.00;No
FA;17400;0002-00048369;11/08/2025;33772.0;1.0;11/08/2025;3.0;Compra;3;319509.5100;319509.5100;Si;319509.51;No
FA;17403;0002-00048544;11/08/2025;33774.0;1.0;11/08/2025;3.0;Compra;3;56109.7900;56109.7900;Si;56109.79;No
FA;17659;0001-00002429;12/08/2025;33776.0;1.0;12/08/2025;3.0;Compra;3;1999900.0000;1999900.0000;Si;1999900.00;No
FA;17660;0001-00002417;12/08/2025;33777.0;1.0;12/08/2025;3.0;Compra;3;657200.0000;657200.0000;Si;657200.00;No
FA;17661;0001-00002425;12/08/2025;33778.0;1.0;12/08/2025;3.0;Compra;3;1969880.0000;1969880.0000;Si;1969880.00;No
FA;17690;1200-00066744;31/07/2025;33780.0;1.0;31/07/2025;3.0;Compra;6;247012.1400;247012.1400;Si;247012.14;No
FA;17716;1200-00066743;31/07/2025;33781.0;1.0;31/07/2025;3.0;Compra;6;23885088.8600;23885088.8600;Si;23885088.86;No
FA;20971;0002-00000200;25/08/2025;33782.0;1.0;25/08/2025;3.0;Compra;3;28883305.0000;28883305.0000;Si;28883305.00;No
FA;20974;0005-00000042;25/08/2025;33784.0;1.0;25/08/2025;3.0;Compra;3;1120460.0000;1120460.0000;Si;1120460.00;No
FA;21570;0002-00107732;01/08/2025;33788.0;1.0;01/08/2025;3.0;Compra;3;220858.4400;220858.4400;Si;220858.44;No
FA;21650;0002-00000687;27/08/2025;33792.0;1.0;27/08/2025;3.0;Compra;3;2182207.1700;2182207.1700;Si;2182207.17;No
FA;21657;0003-00001311;27/08/2025;33794.0;1.0;27/08/2025;3.0;Compra;3;285318.0000;285318.0000;Si;285318.00;No
FA;21703;0003-00003214;27/08/2025;33804.0;1.0;27/08/2025;3.0;Compra;3;7709212.5000;7709212.5000;Si;7709212.50;No
FA;21708;0003-00003304;27/08/2025;33805.0;1.0;27/08/2025;3.0;Compra;3;4559280.0000;4559280.0000;Si;4559280.00;No
FA;22018;0048-00012788;28/08/2025;33810.0;1.0;28/08/2025;3.0;Compra;4;88219.1500;88219.1500;Si;88219.15;No
FA;24481;0004-00000001;25/08/2025;33814.0;1.0;25/08/2025;3.0;Compra;3;1615000.0000;1615000.0000;Si;1615000.00;No
FA;24485;0001-00013304;04/09/2025;33817.0;1.0;04/09/2025;3.0;Compra;3;86794.5100;86794.5100;Si;86794.51;No
FA;24581;0070-00377907;14/08/2025;33820.0;1.0;14/08/2025;3.0;Compra;6;295300792.3100;295300792.3100;Si;295300792.31;No
FA;25993;0070-00380806;29/08/2025;33821.0;1.0;29/08/2025;3.0;Compra;6;4536474.1800;4536474.1800;Si;4536474.18;No
FA;25998;0070-00380807;29/08/2025;33822.0;1.0;29/08/2025;3.0;Compra;7;7474476.4600;7474476.4600;Si;7474476.12;No
FA;26001;0070-00380808;29/08/2025;33823.0;1.0;29/08/2025;3.0;Compra;7;12504261.4200;12504261.4200;Si;12395436.85;No
FA;26272;0010-00120146;09/09/2025;33824.0;1.0;09/09/2025;3.0;Compra;4;968039.6700;968039.6700;Si;968039.67;No
FA;26629;0004-00057334;08/09/2025;33825.0;1.0;08/09/2025;3.0;Compra;4;5792507.7000;5792507.7000;Si;5496269.22;No
FA;27104;0003-00013188;09/09/2025;33827.0;1.0;09/09/2025;3.0;Compra;6;2315408.8800;2315408.8800;Si;2159710.15;No
FA;29293;0012-00168783;17/09/2025;33828.0;1.0;17/09/2025;3.0;Compra;6;1871179093.7400;1871179093.7400;Si;1847044045.89;No
FA;29483;0002-00001365;19/09/2025;33832.0;1.0;19/09/2025;3.0;Compra;3;16282728.0000;16282728.0000;Si;16282728.00;No
FA;29487;0001-00002478;19/09/2025;33834.0;1.0;19/09/2025;3.0;Compra;3;1482250.0000;1482250.0000;Si;1482250.00;No
FA;29489;0006-00126389;19/09/2025;33836.0;1.0;19/09/2025;3.0;Compra;5;539189.8300;539189.8300;Si;539189.83;No
FA;29639;0012-00168766;17/09/2025;33840.0;1.0;17/09/2025;3.0;Compra;6;6643644.0400;6643644.0400;Si;6626239.82;No
FA;29684;0012-00168692;12/09/2025;33841.0;1.0;12/09/2025;3.0;Compra;5;3770796.6000;3770796.6000;Si;3770796.60;No
FA;29685;0010-00120204;11/09/2025;33842.0;1.0;11/09/2025;3.0;Compra;4;889125.1300;889125.1300;Si;889125.13;No
FA;29689;0010-00120147;09/09/2025;33843.0;1.0;09/09/2025;3.0;Compra;5;30498235.9400;30498235.9400;Si;24254284.26;No
FA;30581;0048-00013035;23/09/2025;33844.0;1.0;23/09/2025;3.0;Compra;4;66635.1700;66635.1700;Si;66635.17;No
FA;34934;0048-00013168;03/10/2025;33851.0;1.0;03/10/2025;3.0;Compra;4;71002.5100;71002.5100;Si;71002.51;No
FA;35334;1200-00067844;02/10/2025;33853.0;1.0;02/10/2025;3.0;Compra;5;32776884.1300;32776884.1300;Si;32776884.13;No
FA;35353;0070-00384728;24/09/2025;33854.0;1.0;24/09/2025;3.0;Compra;6;4685899.6800;4685899.6800;Si;4685899.68;No
FA;36526;0005-00036164;09/10/2025;33855.0;1.0;09/10/2025;3.0;Compra;3;540000.0000;540000.0000;Si;540000.00;No
FA;36598;0002-00049023;01/09/2025;33857.0;1.0;01/09/2025;3.0;Compra;3;57512.5300;57512.5300;Si;57512.53;No
FA;36599;0002-00048849;01/09/2025;33858.0;1.0;01/09/2025;3.0;Compra;3;327497.2400;327497.2400;Si;327497.24;No
FA;36600;0002-00049282;27/09/2025;33859.0;1.0;27/09/2025;3.0;Compra;3;2031590.0000;2031590.0000;Si;2031590.00;No
FA;36601;0002-00049281;27/09/2025;33860.0;1.0;27/09/2025;3.0;Compra;3;947430.0000;947430.0000;Si;947430.00;No
FA;38247;0003-00001348;21/10/2025;33862.0;1.0;21/10/2025;3.0;Compra;4;324500.0000;324500.0000;Si;324500.00;No
FA;39267;0007-00012459;24/10/2025;33866.0;1.0;24/10/2025;3.0;Compra;3;2087250.0000;2087250.0000;Si;2087250.00;No
FA;39988;1200-00068659;24/10/2025;33867.0;1.0;24/10/2025;3.0;Compra;6;29757662.6400;29757662.6400;Si;29757662.64;No
FA;42145;0005-00036423;03/11/2025;33869.0;1.0;03/11/2025;3.0;Compra;3;660000.0100;660000.0100;Si;660000.01;No
FA;42232;0004-00000411;04/11/2025;33871.0;1.0;04/11/2025;3.0;Compra;3;16952878.0300;16952878.0300;Si;16952878.03;No
FA;42921;0070-00390268;28/10/2025;33872.0;1.0;28/10/2025;3.0;Compra;6;13825071.0500;13825071.0500;Si;13825071.05;No
FA;42939;0070-00390722;29/10/2025;33873.0;1.0;29/10/2025;3.0;Compra;7;12340438.8400;12340438.8400;Si;12340438.83;No
FA;42944;0070-00390275;28/10/2025;33874.0;1.0;28/10/2025;3.0;Compra;6;8883112.3200;8883112.3200;Si;8883112.32;No
FA;43484;0004-00005127;31/10/2025;33875.0;1.0;31/10/2025;3.0;Compra;3;454718.0000;454718.0000;Si;454718.00;No
FA;43488;0002-00000070;07/11/2025;33876.0;1.0;07/11/2025;3.0;Compra;3;329716.5300;329716.5300;Si;329716.53;No
FA;43489;0001-00002566;07/11/2025;33877.0;1.0;07/11/2025;3.0;Compra;3;1482250.0000;1482250.0000;Si;1482250.00;No
FA;43490;0007-00012968;07/11/2025;33878.0;1.0;07/11/2025;3.0;Compra;3;3478750.0000;3478750.0000;Si;3478750.00;No
FA;43501;0003-00014563;31/10/2025;33881.0;1.0;31/10/2025;3.0;Compra;3;602580.0000;602580.0000;Si;602580.00;No
FA;44219;0001-00000087;11/11/2025;33885.0;1.0;11/11/2025;3.0;Compra;3;5553584.1900;5553584.1900;Si;5553584.19;No
FA;44223;0002-00000034;11/11/2025;33887.0;1.0;11/11/2025;3.0;Compra;3;13452780.0000;13452780.0000;Si;13452780.00;No
FA;44237;0002-00049501;11/11/2025;33889.0;1.0;11/11/2025;3.0;Compra;3;58950.3500;58950.3500;Si;58950.35;No
FA;44241;0002-00049555;11/11/2025;33890.0;1.0;11/11/2025;3.0;Compra;3;58950.3300;58950.3300;Si;58950.33;No
FA;44242;0002-00049767;11/11/2025;33891.0;1.0;11/11/2025;3.0;Compra;3;639666.5000;639666.5000;Si;639666.50;No
FA;44244;0002-00050231;11/11/2025;33892.0;1.0;11/11/2025;3.0;Compra;3;544500.0000;544500.0000;Si;544500.00;No
FA;44245;0002-00049326;11/11/2025;33893.0;1.0;11/11/2025;3.0;Compra;3;335684.6900;335684.6900;Si;335684.69;No
FA;44895;0001-00002552;13/11/2025;33895.0;1.0;13/11/2025;3.0;Compra;3;395700.0000;395700.0000;Si;395700.00;No
FA;44896;0001-00002526;13/11/2025;33896.0;1.0;13/11/2025;3.0;Compra;3;2044900.0000;2044900.0000;Si;2044900.00;No
FA;44921;0001-00005464;13/11/2025;33898.0;1.0;13/11/2025;3.0;Compra;3;3062474.6300;3062474.6300;Si;3062474.63;No
FA;45725;0070-00392956;18/11/2025;33901.0;1.0;18/11/2025;3.0;Compra;6;55810597.7200;55810597.7200;Si;55810597.72;No
FA;45754;0004-00058420;18/11/2025;33902.0;1.0;18/11/2025;3.0;Compra;3;2038197.3000;2038197.3000;Si;2038197.30;No
FA;46361;0048-00013551;20/11/2025;33903.0;1.0;20/11/2025;3.0;Compra;4;94372.1900;94372.1900;Si;94372.19;No
FA;48173;0100-00035996;25/11/2025;33907.0;1.0;25/11/2025;3.0;Compra;5;7265908.2700;7265908.2700;Si;7265908.27;No
FA;48188;0010-00121791;19/11/2025;33908.0;1.0;19/11/2025;3.0;Compra;4;5440438.9800;5440438.9800;Si;5440438.98;No
FA;48190;0010-00121796;19/11/2025;33909.0;1.0;19/11/2025;3.0;Compra;5;415068.4400;415068.4400;Si;400858.57;No
FA;48253;0070-00394545;22/11/2025;33911.0;1.0;22/11/2025;3.0;Compra;7;76896753.6100;76896753.6100;Si;76774766.37;No
FA;51324;0048-00013663;03/12/2025;33913.0;1.0;03/12/2025;3.0;Compra;4;84369.9000;84369.9000;Si;84369.90;No
FA;51760;0001-00002596;21/11/2025;33915.0;1.0;21/11/2025;3.0;Compra;3;413300.0000;413300.0000;Si;413300.00;No
FA;51761;0001-00002571;21/11/2025;33916.0;1.0;21/11/2025;3.0;Compra;3;2136100.0000;2136100.0000;Si;2136100.00;No
FA;51772;0070-00396023;29/11/2025;33918.0;1.0;29/11/2025;3.0;Compra;7;969198.4500;969198.4500;Si;828735.86;No
FA;51776;0012-00170356;02/12/2025;33919.0;1.0;02/12/2025;3.0;Compra;6;981247760.9600;981247760.9600;Si;979391756.20;No
FA;58321;0001-00002641;23/12/2025;33931.0;1.0;23/12/2025;3.0;Compra;3;2136100.0000;2136100.0000;Si;2136100.00;No
FA;58324;0001-00002637;23/12/2025;33932.0;1.0;23/12/2025;3.0;Compra;3;413300.0000;413300.0000;Si;413300.00;No
FA;58643;0006-00092207;17/12/2025;33935.0;1.0;17/12/2025;3.0;Compra;4;50145056.2200;50145056.2200;Si;50145056.22;No
FA;58645;0006-00092205;17/12/2025;33936.0;1.0;17/12/2025;3.0;Compra;4;4409489.2100;4409489.2100;Si;4409489.21;No
FA;58647;0006-00092208;17/12/2025;33937.0;1.0;17/12/2025;3.0;Compra;4;51841525.2900;51841525.2900;Si;51841525.29;No
FA;58648;0006-00092206;17/12/2025;33938.0;1.0;17/12/2025;3.0;Compra;4;629084.9500;629084.9500;Si;629084.95;No
FA;58662;0006-00092204;17/12/2025;33939.0;1.0;17/12/2025;3.0;Compra;4;11439436.1800;11439436.1800;Si;11439436.18;No
FA;59425;0012-00170453;13/01/2026;33951.0;1.0;13/01/2026;3.0;Compra;5;73123911.5800;73123911.5800;Si;73123911.58;No
FA;60005;0012-00170503;15/01/2026;33952.0;1.0;15/01/2026;3.0;Compra;6;558576399.8900;558576399.8900;Si;526495193.41;No
FA;60101;0003-00014445;09/01/2026;33953.0;1.0;09/01/2026;3.0;Compra;6;591014.1100;591014.1100;Si;539538.08;No
FA;60109;0004-00000510;08/01/2026;33954.0;1.0;08/01/2026;3.0;Compra;3;4353058.7900;4353058.7900;Si;4353058.79;No
FA;60126;0002-00009588;12/01/2026;33955.0;1.0;12/01/2026;3.0;Compra;3;1325113.1100;1325113.1100;Si;1325113.11;No
FA;60128;0004-00059098;05/01/2026;33956.0;1.0;05/01/2026;3.0;Compra;4;7928650.6700;7928650.6700;Si;7193600.35;No
FA;61880;0002-00050997;27/01/2026;33957.0;1.0;27/01/2026;3.0;Compra;4;70583.1100;70583.1100;Si;70583.11;No
FA;61939;0007-00014701;19/01/2026;33959.0;1.0;19/01/2026;3.0;Compra;3;999460.0000;999460.0000;Si;999460.00;No
FA;61942;0007-00014772;21/01/2026;33960.0;1.0;21/01/2026;3.0;Compra;3;974050.0000;974050.0000;Si;974050.00;No
FA;64117;0005-00037456;03/02/2026;33963.0;1.0;03/02/2026;3.0;Compra;3;612000.0000;612000.0000;Si;612000.00;No
FA;64150;0003-00001397;04/01/2026;33965.0;1.0;04/01/2026;3.0;Compra;3;344850.0000;344850.0000;Si;344850.00;No
FA;64513;0002-00000037;06/02/2026;33970.0;1.0;06/02/2026;3.0;Compra;3;14132901.6400;14132901.6400;Si;14132901.64;No
FA;64514;0001-00000080;06/02/2026;33971.0;1.0;06/02/2026;3.0;Compra;3;6108941.5200;6108941.5200;Si;6108941.52;No
FA;64515;0002-00000301;06/02/2026;33972.0;1.0;06/02/2026;3.0;Compra;3;8063591.6000;8063591.6000;Si;8063591.60;No
FA;65220;0001-00002682;26/01/2026;33979.0;1.0;26/01/2026;3.0;Compra;3;715000.0000;715000.0000;Si;715000.00;No
FA;65222;0001-00002671;22/01/2026;33980.0;1.0;22/01/2026;3.0;Compra;3;435500.0100;435500.0100;Si;435500.01;No
FA;68689;0070-00405127;24/02/2026;33989.0;1.0;24/02/2026;3.0;Compra;7;63362497.8300;63362497.8300;Si;63362497.83;No
FA;68995;0007-00015543;25/02/2026;33990.0;1.0;25/02/2026;3.0;Compra;3;695750.0000;695750.0000;Si;695750.00;No
FA;69257;1200-00070468;26/02/2026;33992.0;1.0;26/02/2026;3.0;Compra;6;20949686.4200;20949686.4200;Si;20949686.42;No
FA;69269;0100-00036311;26/02/2026;33993.0;1.0;26/02/2026;3.0;Compra;6;4566446.2600;4566446.2600;Si;4468224.96;No
FA;70266;0005-00037785;03/03/2026;33996.0;1.0;03/03/2026;3.0;Compra;3;612000.0000;612000.0000;Si;612000.00;No
FA;71011;0048-00014506;10/03/2026;33998.0;1.0;10/03/2026;3.0;Compra;5;79732.1600;79732.1600;Si;79732.16;No
FA;71053;0003-00001432;10/03/2026;34000.0;1.0;10/03/2026;3.0;Compra;3;369050.0000;369050.0000;Si;369050.00;No
FA;71056;0001-00000091;10/03/2026;34002.0;1.0;10/03/2026;3.0;Compra;3;6108941.5200;6108941.5200;Si;6108941.52;No
FA;71059;0002-00000038;10/03/2026;34004.0;1.0;10/03/2026;3.0;Compra;3;15384536.5300;15384536.5300;Si;15384536.53;No
FA;71061;0001-00001163;10/03/2026;34006.0;1.0;10/03/2026;3.0;Compra;3;326000.0000;326000.0000;Si;326000.00;No
FA;71065;0001-00001162;10/03/2026;34008.0;1.0;10/03/2026;3.0;Compra;3;772200.0000;772200.0000;Si;772200.00;No
FA;71084;0002-00000303;10/03/2026;34010.0;1.0;10/03/2026;3.0;Compra;3;8063591.6000;8063591.6000;Si;8063591.60;No
FA;71283;0012-00171086;10/03/2026;34012.0;1.0;10/03/2026;3.0;Compra;5;258417825.2800;258417825.2800;Si;258417825.28;No
FA;71300;0001-00000229;10/03/2026;34013.0;1.0;10/03/2026;3.0;Compra;3;3738461.9200;3738461.9200;Si;3738461.92;No
FA;71304;0001-00000317;10/03/2026;34015.0;1.0;10/03/2026;3.0;Compra;3;3846877.4400;3846877.4400;Si;3846877.44;No
FA;71832;1200-00070620;11/03/2026;34031.0;1.0;11/03/2026;3.0;Compra;6;7814524.0700;7814524.0700;Si;7814524.07;No
FA;71861;0012-00171125;11/03/2026;34032.0;1.0;11/03/2026;3.0;Compra;5;499628079.9500;499628079.9500;Si;499628079.95;No
FA;71862;0012-00171088;11/03/2026;34033.0;1.0;11/03/2026;3.0;Compra;5;125849237.8500;125849237.8500;Si;125849237.85;No
FA;71916;0005-00000221;11/03/2026;34034.0;1.0;11/03/2026;3.0;Compra;3;3034314.4600;3034314.4600;Si;3034314.46;No
FA;72710;0012-00171057;16/03/2026;34035.0;1.0;16/03/2026;3.0;Compra;5;92917.8700;92917.8700;Si;92917.87;No
FA;73003;1200-00070716;16/03/2026;34036.0;1.0;16/03/2026;3.0;Compra;6;2149918.9900;2149918.9900;Si;2149918.99;No
FA;73326;0070-00409638;19/03/2026;34037.0;1.0;19/03/2026;3.0;Compra;7;23715820.7500;23715820.7500;Si;23715820.75;No
FA;73548;0004-00060130;20/03/2026;34044.0;1.0;20/03/2026;3.0;Compra;3;730137.4700;730137.4700;Si;730137.47;No
FA;74094;0002-00114713;25/03/2026;34046.0;1.0;25/03/2026;3.0;Compra;3;248327.8300;248327.8300;Si;248327.83;No
FA;74932;0070-00411001;27/03/2026;34049.0;1.0;27/03/2026;3.0;Compra;7;82152577.5400;82152577.5400;Si;82152577.54;No
FA;75952;0013-00096646;31/03/2026;34050.0;1.0;31/03/2026;3.0;Compra;6;92070149.7400;92070149.7400;Si;92070149.74;No
FA;75954;0013-00096647;31/03/2026;34051.0;1.0;31/03/2026;3.0;Compra;6;42779564.6500;42779564.6500;Si;42779564.65;No
FA;76610;0100-00036429;30/03/2026;34054.0;1.0;30/03/2026;3.0;Compra;5;5658499.9100;5658499.9100;Si;5658499.91;No
FA;76611;0001-00000031;31/03/2026;34055.0;1.0;31/03/2026;3.0;Compra;3;2601500000.0000;2601500000.0000;Si;2601500000.00;No
FA;76856;0048-00014730;08/04/2026;16286.0;2.0;08/04/2026;3.0;Compra;5;82398.1100;82398.1100;Si;82398.11;No
FA;79305;0001-00000413;16/04/2026;16288.0;2.0;16/04/2026;3.0;Compra;3;3958436.8100;3958436.8100;Si;3958436.81;No
FA;79306;0002-00000306;16/04/2026;16289.0;2.0;16/04/2026;3.0;Compra;3;8824979.3300;8824979.3300;Si;8824979.33;No
FA;83130;0100-00036527;30/04/2026;16296.0;2.0;30/04/2026;3.0;Compra;5;3630417.2800;3630417.2800;Si;3630417.28;No
FA;88363;0001-00002735;19/05/2026;16297.0;2.0;19/05/2026;3.0;Compra;2;10000.0000;10000.0000;Si;10000.00;No
FA;88364;0001-00002756;19/05/2026;16298.0;2.0;19/05/2026;3.0;Compra;3;461000.0100;461000.0100;Si;461000.01;No
FA;93061;0001-00002838;04/06/2026;16301.0;2.0;04/06/2026;3.0;Compra;3;488900.0000;488900.0000;Si;488900.00;No
FA;93072;0012-00172453;27/05/2026;16303.0;2.0;27/05/2026;3.0;Compra;6;12796567.6200;12796567.6200;Si;12796567.62;No
FA;98881;0048-00015380;23/06/2026;16304.0;2.0;23/06/2026;3.0;Compra;5;71273.4700;71273.4700;Si;71273.47;No
FC;21575;0002-00000285;27/08/2025;33790.0;1.0;27/08/2025;3.0;Compra;2;1249725.0000;1249725.0000;Si;1249725.00;No
FC;21679;0001-00000227;27/08/2025;33799.0;1.0;27/08/2025;3.0;Compra;2;330000.0000;330000.0000;Si;330000.00;No
FC;21692;0003-00000612;27/08/2025;33801.0;1.0;27/08/2025;3.0;Compra;2;856863.0000;856863.0000;Si;856863.00;No
FC;21694;0003-00000613;27/08/2025;33802.0;1.0;27/08/2025;3.0;Compra;2;856863.0000;856863.0000;Si;856863.00;No
FC;21714;0003-00000614;27/08/2025;33807.0;1.0;27/08/2025;3.0;Compra;2;1014447.0000;1014447.0000;Si;1014447.00;No
FC;22177;0002-00000073;28/08/2025;33812.0;1.0;28/08/2025;3.0;Compra;2;600000.0000;600000.0000;Si;600000.00;No
FC;29314;0002-00000075;19/09/2025;33829.0;1.0;19/09/2025;3.0;Compra;2;850000.0000;850000.0000;Si;850000.00;No
FC;33966;0002-00000076;30/09/2025;33849.0;1.0;30/09/2025;3.0;Compra;2;425000.0000;425000.0000;Si;425000.00;No
FC;39262;0001-00000017;24/10/2025;33864.0;1.0;24/10/2025;3.0;Compra;2;500000.0000;500000.0000;Si;500000.00;No
FC;43496;0001-00000005;07/11/2025;33879.0;1.0;07/11/2025;3.0;Compra;2;660000.0000;660000.0000;Si;660000.00;No
FC;43500;0001-00000013;07/11/2025;33880.0;1.0;07/11/2025;3.0;Compra;2;700000.0000;700000.0000;Si;700000.00;No
FC;57500;0002-00000235;29/12/2025;33922.0;1.0;29/12/2025;3.0;Compra;2;2000000.0000;2000000.0000;Si;2000000.00;No
FC;57501;0002-00000041;29/12/2025;33923.0;1.0;29/12/2025;3.0;Compra;2;1500000.0000;1500000.0000;Si;1500000.00;No
FC;57502;0002-00000068;29/12/2025;33924.0;1.0;29/12/2025;3.0;Compra;2;500000.0000;500000.0000;Si;500000.00;No
FC;57503;0001-00000092;29/12/2025;33925.0;1.0;29/12/2025;3.0;Compra;2;300000.0000;300000.0000;Si;300000.00;No
FC;57504;0001-00000020;29/12/2025;33926.0;1.0;29/12/2025;3.0;Compra;2;300000.0000;300000.0000;Si;300000.00;No
FC;57505;0001-00000018;29/12/2025;33927.0;1.0;29/12/2025;3.0;Compra;2;1500000.0000;1500000.0000;Si;1500000.00;No
FC;57506;0001-00000092;29/12/2025;33928.0;1.0;29/12/2025;3.0;Compra;2;500000.0000;500000.0000;Si;500000.00;No
FC;57510;0003-00000642;29/12/2025;33929.0;1.0;29/12/2025;3.0;Compra;2;401850.0000;401850.0000;Si;401850.00;No
FC;69959;0001-00000153;02/03/2026;33995.0;1.0;02/03/2026;3.0;Compra;2;750000.0000;750000.0000;Si;750000.00;No
FC;71308;0002-00000072;10/03/2026;34017.0;1.0;10/03/2026;3.0;Compra;2;500000.0000;500000.0000;Si;500000.00;No
FC;71311;0001-00000659;10/03/2026;34019.0;1.0;10/03/2026;3.0;Compra;2;600000.0000;600000.0000;Si;600000.00;No
FC;71315;0001-00000104;10/03/2026;34021.0;1.0;10/03/2026;3.0;Compra;2;300000.0000;300000.0000;Si;300000.00;No
FC;71317;0002-00000243;10/03/2026;34023.0;1.0;10/03/2026;3.0;Compra;2;1500000.0000;1500000.0000;Si;1500000.00;No
FC;71321;0002-00000046;10/03/2026;34025.0;1.0;10/03/2026;3.0;Compra;2;2000000.0000;2000000.0000;Si;2000000.00;No
FC;71324;0001-00000099;10/03/2026;34027.0;1.0;10/03/2026;3.0;Compra;2;1500000.0000;1500000.0000;Si;1500000.00;No
FC;71327;0001-00000009;10/03/2026;34029.0;1.0;10/03/2026;3.0;Compra;2;660000.0000;660000.0000;Si;660000.00;No
OP;102727;0002-00007796;02/07/2026;16306.0;2.0;02/07/2026;7.0;Pago;3;71276.3500;71276.3500;Si;0.00;No
OP;104378;0002-00007822;08/07/2026;16308.0;2.0;08/07/2026;7.0;Pago;3;537200.0700;537200.0700;Si;0.00;No
OP;106300;0002-00007837;08/08/2025;34056.0;1.0;08/08/2025;7.0;Pago;2;47000000.0000;47000000.0000;Si;0.00;No
OP;106302;0002-00007838;11/08/2025;34057.0;1.0;11/08/2025;7.0;Pago;2;11500000.0000;11500000.0000;Si;0.00;No
OP;106354;0002-00007840;02/09/2025;34058.0;1.0;02/09/2025;7.0;Pago;2;16720.0000;16720.0000;Si;0.00;No
OP;106426;0002-00007841;31/10/2025;34059.0;1.0;31/10/2025;7.0;Pago;2;6698493.5000;6698493.5000;Si;0.00;No
OP;106486;0002-00007843;15/07/2026;16309.0;2.0;15/07/2026;7.0;Pago;2;3041225.0100;3041225.0100;Si;0.00;No
OP;106487;0002-00007844;15/07/2026;16310.0;2.0;15/07/2026;7.0;Pago;3;10489499.1800;10489499.1800;Si;0.00;No
OP;106488;0002-00007845;15/07/2026;16311.0;2.0;15/07/2026;7.0;Pago;3;1023035.6700;1023035.6700;Si;0.00;No
OP;106582;0002-00007846;15/07/2026;16312.0;2.0;15/07/2026;7.0;Pago;2;3838371.4200;3838371.4200;Si;0.00;No
OP;107351;0002-00007866;17/07/2026;16313.0;2.0;17/07/2026;7.0;Pago;3;14687363.8500;14687363.8500;Si;0.00;No
OP;10933;0200-00000008;10/07/2025;33759.0;1.0;10/07/2025;7.0;Pago;2;218942.9000;218942.9000;Si;0.00;No
OP;10952;0002-00006099;10/07/2025;33760.0;1.0;10/07/2025;7.0;Pago;2;353920.0000;353920.0000;Si;0.00;No
OP;10953;0002-00006100;10/07/2025;33761.0;1.0;10/07/2025;7.0;Pago;2;2462.0000;2462.0000;Si;0.00;No
OP;10955;0002-00006102;10/07/2025;33762.0;1.0;10/07/2025;7.0;Pago;2;40000.0000;40000.0000;Si;0.00;No
OP;11216;0200-00000018;14/07/2025;33764.0;1.0;14/07/2025;7.0;Pago;2;199460.0000;199460.0000;Si;0.00;No
OP;17401;0002-00006160;11/08/2025;33773.0;1.0;11/08/2025;7.0;Pago;3;319509.5100;319509.5100;Si;0.00;No
OP;17404;0002-00006161;11/08/2025;33775.0;1.0;11/08/2025;7.0;Pago;3;56109.7900;56109.7900;Si;0.00;No
OP;17666;0002-00006172;12/08/2025;33779.0;1.0;12/08/2025;7.0;Pago;2;4643685.9800;4643685.9800;Si;0.00;No
OP;20972;0002-00006206;25/08/2025;33783.0;1.0;25/08/2025;7.0;Pago;2;28883305.0000;28883305.0000;Si;0.00;No
OP;20975;0002-00006207;25/08/2025;33785.0;1.0;25/08/2025;7.0;Pago;2;1120460.0000;1120460.0000;Si;0.00;No
OP;21559;0002-00006214;27/08/2025;33786.0;1.0;27/08/2025;7.0;Pago;2;5022816.4800;5022816.4800;Si;0.00;No
OP;21563;0002-00006215;27/08/2025;33787.0;1.0;27/08/2025;7.0;Pago;2;1765530.4900;1765530.4900;Si;0.00;No
OP;21571;0002-00006216;27/08/2025;33789.0;1.0;27/08/2025;7.0;Pago;2;220858.4400;220858.4400;Si;0.00;No
OP;21576;0002-00006217;27/08/2025;33791.0;1.0;27/08/2025;7.0;Pago;2;1249725.0000;1249725.0000;Si;0.00;No
OP;21652;0002-00006218;27/08/2025;33793.0;1.0;27/08/2025;7.0;Pago;2;2182207.1700;2182207.1700;Si;0.00;No
OP;21660;0002-00006219;27/08/2025;33795.0;1.0;27/08/2025;7.0;Pago;2;285318.0000;285318.0000;Si;0.00;No
OP;21663;0002-00006220;27/08/2025;33796.0;1.0;27/08/2025;7.0;Pago;2;48734.6700;48734.6700;Si;0.00;No
OP;21664;0002-00006221;27/08/2025;33797.0;1.0;27/08/2025;7.0;Pago;2;1672086.9500;1672086.9500;Si;0.00;No
OP;21665;0002-00006222;27/08/2025;33798.0;1.0;27/08/2025;7.0;Pago;2;1842056.2500;1842056.2500;Si;0.00;No
OP;21680;0002-00006223;27/08/2025;33800.0;1.0;27/08/2025;7.0;Pago;2;330000.0000;330000.0000;Si;0.00;No
OP;21697;0002-00006224;27/08/2025;33803.0;1.0;27/08/2025;7.0;Pago;2;1713726.0000;1713726.0000;Si;0.00;No
OP;21709;0002-00006225;27/08/2025;33806.0;1.0;27/08/2025;7.0;Pago;2;12268492.5000;12268492.5000;Si;0.00;No
OP;21716;0002-00006226;27/08/2025;33808.0;1.0;27/08/2025;7.0;Pago;2;1014447.0000;1014447.0000;Si;0.00;No
OP;21735;0002-00006227;27/08/2025;33809.0;1.0;27/08/2025;7.0;Pago;3;26496888.1500;26496888.1500;Si;0.00;No
OP;22020;0002-00006228;28/08/2025;33811.0;1.0;28/08/2025;7.0;Pago;2;88219.1500;88219.1500;Si;0.00;No
OP;22241;0002-00006229;28/08/2025;33813.0;1.0;28/08/2025;7.0;Pago;2;600000.0000;600000.0000;Si;0.00;No
OP;24482;0002-00006259;04/09/2025;33815.0;1.0;04/09/2025;7.0;Pago;2;1615000.0000;1615000.0000;Si;0.00;No
OP;24484;0002-00006260;04/09/2025;33816.0;1.0;04/09/2025;7.0;Pago;2;120937.5900;120937.5900;Si;0.00;No
OP;24486;0002-00006261;04/09/2025;33818.0;1.0;04/09/2025;7.0;Pago;2;86794.5100;86794.5100;Si;0.00;No
OP;24525;0002-00006262;22/08/2025;33819.0;1.0;22/08/2025;7.0;Pago;2;256267923.1300;256267923.1300;Si;0.00;No
OP;26685;0002-00006350;11/09/2025;33826.0;1.0;11/09/2025;7.0;Pago;2;15182752.6100;15182752.6100;Si;0.00;No
OP;29315;0002-00006355;19/09/2025;33830.0;1.0;19/09/2025;7.0;Pago;2;850000.0000;850000.0000;Si;0.00;No
OP;29359;0002-00006356;19/09/2025;33831.0;1.0;19/09/2025;7.0;Pago;2;8434548.5900;8434548.5900;Si;0.00;No
OP;29484;0002-00006359;19/09/2025;33833.0;1.0;19/09/2025;7.0;Pago;2;16282728.0000;16282728.0000;Si;0.00;No
OP;29488;0002-00006360;19/09/2025;33835.0;1.0;19/09/2025;7.0;Pago;2;1482250.0000;1482250.0000;Si;0.00;No
OP;29490;0002-00006361;19/09/2025;33837.0;1.0;19/09/2025;7.0;Pago;3;539189.8300;539189.8300;Si;0.00;No
OP;29491;0002-00006362;19/09/2025;33838.0;1.0;19/09/2025;7.0;Pago;3;4093884.4600;4093884.4600;Si;0.00;No
OP;29492;0002-00006363;19/09/2025;33839.0;1.0;19/09/2025;7.0;Pago;3;4653258.8900;4653258.8900;Si;0.00;No
OP;30582;0002-00006451;24/09/2025;33845.0;1.0;24/09/2025;7.0;Pago;3;66635.1700;66635.1700;Si;0.00;No
OP;33178;0002-00006460;29/09/2025;33846.0;1.0;29/09/2025;7.0;Pago;2;40000.0000;40000.0000;Si;0.00;No
OP;33179;0002-00006461;29/09/2025;33847.0;1.0;29/09/2025;7.0;Pago;2;140000.0000;140000.0000;Si;0.00;No
OP;33180;0002-00006462;29/09/2025;33848.0;1.0;29/09/2025;7.0;Pago;2;102000.0000;102000.0000;Si;0.00;No
OP;33967;0002-00006469;30/09/2025;33850.0;1.0;30/09/2025;7.0;Pago;2;425000.0000;425000.0000;Si;0.00;No
OP;34935;0002-00006471;03/10/2025;33852.0;1.0;03/10/2025;7.0;Pago;3;71002.5100;71002.5100;Si;0.00;No
OP;36527;0002-00006543;13/10/2025;33856.0;1.0;13/10/2025;7.0;Pago;3;540000.0000;540000.0000;Si;0.00;No
OP;36602;0002-00006545;13/10/2025;33861.0;1.0;13/10/2025;7.0;Pago;2;3364029.7700;3364029.7700;Si;0.00;No
OP;39232;0002-00006578;24/10/2025;33863.0;1.0;24/10/2025;7.0;Pago;2;324500.0000;324500.0000;Si;0.00;No
OP;39263;0002-00006580;24/10/2025;33865.0;1.0;24/10/2025;7.0;Pago;2;500000.0000;500000.0000;Si;0.00;No
OP;42140;0002-00006587;20/10/2025;33868.0;1.0;20/10/2025;7.0;Pago;2;7476208.8400;7476208.8400;Si;0.00;No
OP;42148;0002-00006591;03/11/2025;33870.0;1.0;03/11/2025;7.0;Pago;3;660000.0100;660000.0100;Si;0.00;No
OP;43502;0002-00006641;07/11/2025;33882.0;1.0;07/11/2025;7.0;Pago;2;5142500.0000;5142500.0000;Si;0.00;No
OP;43505;0002-00006642;07/11/2025;33883.0;1.0;07/11/2025;7.0;Pago;2;1310000.0000;1310000.0000;Si;0.00;No
OP;43507;0002-00006643;07/11/2025;33884.0;1.0;07/11/2025;7.0;Pago;2;7476208.8400;7476208.8400;Si;0.00;No
OP;44220;0002-00006660;11/11/2025;33886.0;1.0;11/11/2025;7.0;Pago;2;5553584.1900;5553584.1900;Si;0.00;No
OP;44224;0002-00006662;11/11/2025;33888.0;1.0;11/11/2025;7.0;Pago;2;13452780.0000;13452780.0000;Si;0.00;No
OP;44246;0002-00006665;11/11/2025;33894.0;1.0;11/11/2025;7.0;Pago;2;1637751.8700;1637751.8700;Si;0.00;No
OP;44897;0002-00006683;13/11/2025;33897.0;1.0;13/11/2025;7.0;Pago;3;2440600.0000;2440600.0000;Si;0.00;No
OP;44922;0002-00006684;13/11/2025;33899.0;1.0;13/11/2025;7.0;Pago;2;117431525.7400;117431525.7400;Si;0.00;No
OP;45068;0002-00006686;13/11/2025;33900.0;1.0;13/11/2025;7.0;Pago;3;39559455.5700;39559455.5700;Si;0.00;No
OP;46362;0002-00006700;20/11/2025;33904.0;1.0;20/11/2025;7.0;Pago;3;94372.1900;94372.1900;Si;0.00;No
OP;48024;0002-00006708;26/11/2025;33905.0;1.0;26/11/2025;7.0;Pago;3;507589654.7400;507589654.7400;Si;0.00;No
OP;48026;0002-00006709;26/11/2025;33906.0;1.0;26/11/2025;7.0;Pago;4;75569766.6600;75569766.6600;Si;0.00;No
OP;48230;0002-00006711;26/11/2025;33910.0;1.0;26/11/2025;7.0;Pago;3;152952755.9100;152952755.9100;Si;0.00;No
OP;48522;0002-00006716;27/11/2025;33912.0;1.0;27/11/2025;7.0;Pago;3;38361997.6600;38361997.6600;Si;0.00;No
OP;51325;0002-00006726;03/12/2025;33914.0;1.0;03/12/2025;7.0;Pago;3;84369.9000;84369.9000;Si;0.00;No
OP;51762;0002-00006735;04/12/2025;33917.0;1.0;04/12/2025;7.0;Pago;3;2549400.0000;2549400.0000;Si;0.00;No
OP;56420;0002-00006796;19/12/2025;33920.0;1.0;19/12/2025;7.0;Pago;2;7820.0000;7820.0000;Si;0.00;No
OP;57128;0002-00006798;23/12/2025;33921.0;1.0;23/12/2025;7.0;Pago;2;23570.0000;23570.0000;Si;0.00;No
OP;57536;0002-00006804;29/12/2025;33930.0;1.0;29/12/2025;7.0;Pago;2;230000.0000;230000.0000;Si;0.00;No
OP;58326;0002-00006847;07/01/2026;33933.0;1.0;07/01/2026;7.0;Pago;3;2549400.0000;2549400.0000;Si;0.00;No
OP;58629;0002-00006889;08/01/2026;33934.0;1.0;08/01/2026;7.0;Pago;3;222991457.8400;222991457.8400;Si;0.00;No
OP;58734;0002-00006912;08/01/2026;33940.0;1.0;08/01/2026;7.0;Pago;3;118284591.8500;118284591.8500;Si;0.00;No
OP;58736;0002-00006913;08/01/2026;33941.0;1.0;08/01/2026;7.0;Pago;3;35222495.5300;35222495.5300;Si;0.00;No
OP;58738;0002-00006914;08/01/2026;33942.0;1.0;08/01/2026;7.0;Pago;2;180000.0000;180000.0000;Si;0.00;No
OP;58880;0002-00006933;29/12/2025;33943.0;1.0;29/12/2025;7.0;Pago;2;500000.0000;500000.0000;Si;0.00;No
OP;58881;0002-00006934;29/12/2025;33944.0;1.0;29/12/2025;7.0;Pago;2;1500000.0000;1500000.0000;Si;0.00;No
OP;58882;0002-00006935;29/12/2025;33945.0;1.0;29/12/2025;7.0;Pago;2;300000.0000;300000.0000;Si;0.00;No
OP;58883;0002-00006936;29/12/2025;33946.0;1.0;29/12/2025;7.0;Pago;2;300000.0000;300000.0000;Si;0.00;No
OP;58884;0002-00006937;29/12/2025;33947.0;1.0;29/12/2025;7.0;Pago;2;500000.0000;500000.0000;Si;0.00;No
OP;58885;0002-00006938;29/12/2025;33948.0;1.0;29/12/2025;7.0;Pago;2;1500000.0000;1500000.0000;Si;0.00;No
OP;58886;0002-00006939;29/12/2025;33949.0;1.0;29/12/2025;7.0;Pago;2;2000000.0000;2000000.0000;Si;0.00;No
OP;58887;0002-00006940;29/12/2025;33950.0;1.0;29/12/2025;7.0;Pago;2;401850.0000;401850.0000;Si;0.00;No
OP;61885;0002-00006993;27/01/2026;33958.0;1.0;27/01/2026;7.0;Pago;2;70583.1100;70583.1100;Si;0.00;No
OP;61944;0002-00006998;20/01/2026;33961.0;1.0;20/01/2026;7.0;Pago;2;999460.0000;999460.0000;Si;0.00;No
OP;61950;0002-00006999;22/01/2026;33962.0;1.0;22/01/2026;7.0;Pago;2;974050.0000;974050.0000;Si;0.00;No
OP;64118;0002-00007026;03/02/2026;33964.0;1.0;03/02/2026;7.0;Pago;3;612000.0000;612000.0000;Si;0.00;No
OP;64487;0002-00007046;06/02/2026;33966.0;1.0;06/02/2026;7.0;Pago;3;66013585.4200;66013585.4200;Si;0.00;No
OP;64489;0002-00007047;06/02/2026;33967.0;1.0;06/02/2026;7.0;Pago;2;18574991.2000;18574991.2000;Si;0.00;No
OP;64492;0002-00007048;04/02/2026;33968.0;1.0;04/02/2026;7.0;Pago;2;1325113.1100;1325113.1100;Si;0.00;No
OP;64493;0002-00007049;04/02/2026;33969.0;1.0;04/02/2026;7.0;Pago;3;1284815.9800;1284815.9800;Si;0.00;No
OP;64517;0002-00007051;06/02/2026;33973.0;1.0;06/02/2026;7.0;Pago;2;6108941.5200;6108941.5200;Si;0.00;No
OP;64518;0002-00007052;06/02/2026;33974.0;1.0;06/02/2026;7.0;Pago;3;14132901.6400;14132901.6400;Si;0.00;No
OP;64720;0002-00007102;12/12/2025;33975.0;1.0;12/12/2025;7.0;Pago;2;932750.0000;932750.0000;Si;0.00;No
OP;64722;0002-00007103;18/12/2025;33976.0;1.0;18/12/2025;7.0;Pago;2;1197900.0000;1197900.0000;Si;0.00;No
OP;64724;0002-00007104;22/12/2025;33977.0;1.0;22/12/2025;7.0;Pago;2;150000.0000;150000.0000;Si;0.00;No
OP;64725;0002-00007105;22/12/2025;33978.0;1.0;22/12/2025;7.0;Pago;2;400000.0000;400000.0000;Si;0.00;No
OP;65224;0002-00007111;10/02/2026;33981.0;1.0;10/02/2026;7.0;Pago;2;899660.0000;899660.0000;Si;0.00;No
OP;67570;0002-00007169;19/02/2026;33982.0;1.0;19/02/2026;7.0;Pago;3;204145936.9800;204145936.9800;Si;0.00;No
OP;67686;0002-00007170;20/02/2026;33983.0;1.0;20/02/2026;7.0;Pago;2;23904.3000;23904.3000;Si;0.00;No
OP;67687;0002-00007171;20/02/2026;33984.0;1.0;20/02/2026;7.0;Pago;2;1368242.9100;1368242.9100;Si;0.00;No
OP;67711;0002-00007173;20/02/2026;33985.0;1.0;20/02/2026;7.0;Pago;3;6753335.4100;6753335.4100;Si;0.00;No
OP;67742;0002-00007174;19/02/2026;33986.0;1.0;19/02/2026;7.0;Pago;2;37473515.3300;37473515.3300;Si;0.00;No
OP;67743;0002-00007175;19/02/2026;33987.0;1.0;19/02/2026;7.0;Pago;2;296922.6000;296922.6000;Si;0.00;No
OP;68670;0002-00007187;24/02/2026;33988.0;1.0;24/02/2026;7.0;Pago;3;49058076.1400;49058076.1400;Si;0.00;No
OP;68996;0002-00007188;25/02/2026;33991.0;1.0;25/02/2026;7.0;Pago;2;695750.0000;695750.0000;Si;0.00;No
OP;69637;0002-00007190;27/02/2026;33994.0;1.0;27/02/2026;7.0;Pago;3;13854997.8900;13854997.8900;Si;0.00;No
OP;70267;0002-00007208;04/03/2026;33997.0;1.0;04/03/2026;7.0;Pago;3;612000.0000;612000.0000;Si;0.00;No
OP;71012;0002-00007246;10/03/2026;33999.0;1.0;10/03/2026;7.0;Pago;3;79732.1600;79732.1600;Si;0.00;No
OP;71054;0002-00007247;10/03/2026;34001.0;1.0;10/03/2026;7.0;Pago;2;369050.0000;369050.0000;Si;0.00;No
OP;71057;0002-00007248;10/03/2026;34003.0;1.0;10/03/2026;7.0;Pago;2;6108941.5200;6108941.5200;Si;0.00;No
OP;71060;0002-00007249;10/03/2026;34005.0;1.0;10/03/2026;7.0;Pago;2;15384536.5300;15384536.5300;Si;0.00;No
OP;71062;0002-00007250;10/03/2026;34007.0;1.0;10/03/2026;7.0;Pago;2;326000.0000;326000.0000;Si;0.00;No
OP;71066;0002-00007251;10/03/2026;34009.0;1.0;10/03/2026;7.0;Pago;2;772200.0000;772200.0000;Si;0.00;No
OP;71085;0002-00007252;10/03/2026;34011.0;1.0;10/03/2026;7.0;Pago;2;8063591.6000;8063591.6000;Si;0.00;No
OP;71301;0002-00007253;10/03/2026;34014.0;1.0;10/03/2026;7.0;Pago;2;3738461.9200;3738461.9200;Si;0.00;No
OP;71305;0002-00007254;10/03/2026;34016.0;1.0;10/03/2026;7.0;Pago;2;3846877.4400;3846877.4400;Si;0.00;No
OP;71309;0002-00007255;10/03/2026;34018.0;1.0;10/03/2026;7.0;Pago;2;500000.0000;500000.0000;Si;0.00;No
OP;71313;0002-00007256;10/03/2026;34020.0;1.0;10/03/2026;7.0;Pago;2;600000.0000;600000.0000;Si;0.00;No
OP;71316;0002-00007257;10/03/2026;34022.0;1.0;10/03/2026;7.0;Pago;2;300000.0000;300000.0000;Si;0.00;No
OP;71318;0002-00007258;10/03/2026;34024.0;1.0;10/03/2026;7.0;Pago;2;1500000.0000;1500000.0000;Si;0.00;No
OP;71322;0002-00007259;10/03/2026;34026.0;1.0;10/03/2026;7.0;Pago;2;2000000.0000;2000000.0000;Si;0.00;No
OP;71325;0002-00007260;10/03/2026;34028.0;1.0;10/03/2026;7.0;Pago;2;1500000.0000;1500000.0000;Si;0.00;No
OP;71328;0002-00007261;10/03/2026;34030.0;1.0;10/03/2026;7.0;Pago;2;660000.0000;660000.0000;Si;0.00;No
OP;73429;0002-00007302;18/03/2026;34038.0;1.0;18/03/2026;7.0;Pago;2;284400.0000;284400.0000;Si;0.00;No
OP;73435;0002-00007304;19/03/2026;34039.0;1.0;19/03/2026;7.0;Pago;2;712492.5000;712492.5000;Si;0.00;No
OP;73436;0002-00007305;18/03/2026;34040.0;1.0;18/03/2026;7.0;Pago;2;800000.0000;800000.0000;Si;0.00;No
OP;73437;0002-00007306;19/03/2026;34041.0;1.0;19/03/2026;7.0;Pago;2;71830.0000;71830.0000;Si;0.00;No
OP;73438;0002-00007307;19/03/2026;34042.0;1.0;19/03/2026;7.0;Pago;2;2245427.0000;2245427.0000;Si;0.00;No
OP;73440;0002-00007308;19/03/2026;34043.0;1.0;19/03/2026;7.0;Pago;2;3638203.7100;3638203.7100;Si;0.00;No
OP;73685;0002-00007312;20/03/2026;34045.0;1.0;20/03/2026;7.0;Pago;3;6384971.9500;6384971.9500;Si;0.00;No
OP;74097;0002-00007322;25/03/2026;34047.0;1.0;25/03/2026;7.0;Pago;2;248327.8300;248327.8300;Si;0.00;No
OP;74930;0002-00007331;27/03/2026;34048.0;1.0;27/03/2026;7.0;Pago;3;154871426.2000;154871426.2000;Si;0.00;No
OP;75956;0002-00007342;31/03/2026;34052.0;1.0;31/03/2026;7.0;Pago;2;134849714.3900;134849714.3900;Si;0.00;No
OP;76521;0002-00007359;30/03/2026;34053.0;1.0;30/03/2026;7.0;Pago;2;288000.0000;288000.0000;Si;0.00;No
OP;76631;0002-00007367;07/04/2026;16284.0;2.0;07/04/2026;7.0;Pago;3;12474635.9900;12474635.9900;Si;0.00;No
OP;76632;0002-00007368;07/04/2026;16285.0;2.0;07/04/2026;7.0;Pago;3;9669084.1500;9669084.1500;Si;0.00;No
OP;76858;0002-00007371;08/04/2026;16287.0;2.0;08/04/2026;7.0;Pago;3;82398.1100;82398.1100;Si;0.00;No
OP;79307;0002-00007435;16/04/2026;16290.0;2.0;16/04/2026;7.0;Pago;2;8824979.3300;8824979.3300;Si;0.00;No
OP;79308;0002-00007436;16/04/2026;16291.0;2.0;16/04/2026;7.0;Pago;2;3958436.8100;3958436.8100;Si;0.00;No
OP;80704;0002-00007455;22/04/2026;16292.0;2.0;22/04/2026;7.0;Pago;2;13.0000;13.0000;Si;0.00;No
OP;80820;0002-00007456;23/04/2026;16293.0;2.0;23/04/2026;7.0;Pago;2;2008000.0000;2008000.0000;Si;0.00;No
OP;81124;0002-00007457;23/04/2026;16294.0;2.0;23/04/2026;7.0;Pago;3;63362497.8300;63362497.8300;Si;0.00;No
OP;81126;0002-00007458;23/04/2026;16295.0;2.0;23/04/2026;7.0;Pago;3;4468224.9600;4468224.9600;Si;0.00;No
OP;88366;0002-00007616;19/05/2026;16299.0;2.0;19/05/2026;7.0;Pago;2;250000.0000;250000.0000;Si;0.00;No
OP;88658;0002-00007627;20/05/2026;16300.0;2.0;20/05/2026;7.0;Pago;3;2045274.0000;2045274.0000;Si;0.00;No
OP;93064;0002-00007697;04/06/2026;16302.0;2.0;04/06/2026;7.0;Pago;3;488900.0000;488900.0000;Si;0.00;No
